# --------------------------------------------------------
# Host:                         127.0.0.1
# Database:                     travel_database
# Server version:               5.1.73-community
# Server OS:                    Win64
# HeidiSQL version:             5.0.0.3272
# Date/time:                    2019-02-23 12:04:05
# --------------------------------------------------------

/*!40101 SET @OLD_CHARACTER_SET_CLIENT=@@CHARACTER_SET_CLIENT */;
/*!40101 SET NAMES utf8 */;
/*!40014 SET @OLD_FOREIGN_KEY_CHECKS=@@FOREIGN_KEY_CHECKS, FOREIGN_KEY_CHECKS=0 */;
/*!40101 SET @OLD_SQL_MODE=@@SQL_MODE, SQL_MODE='NO_AUTO_VALUE_ON_ZERO' */;
# Dumping database structure for travel_database
CREATE DATABASE IF NOT EXISTS `travel_database` /*!40100 DEFAULT CHARACTER SET latin1 */;
USE `travel_database`;


# Dumping structure for table travel_database.adminnotification
CREATE TABLE IF NOT EXISTS `adminnotification` (
  `user` text,
  `skeyword` text,
  `poi` text,
  `date` text,
  `status` text
) ENGINE=MyISAM DEFAULT CHARSET=latin1;

# Dumping data for table travel_database.adminnotification: 10 rows
/*!40000 ALTER TABLE `adminnotification` DISABLE KEYS */;
INSERT INTO `adminnotification` (`user`, `skeyword`, `poi`, `date`, `status`) VALUES ('java@gmail.com', 'pune', 'Shopping', '2018/05/24', '1'), ('java@gmail.com', 'mumbai', 'Sightseeing', '2018/05/29', '1'), ('java@gmail.com', 'nashik', 'outdoor activities', '2018/06/14', '1'), ('java@gmail.com', 'goa', 'Shopping', '2018/06/14', '1'), ('sql@gmail.com', 'goa', 'Nature and parks', '2018/06/14', '1'), ('sql@gmail.com', 'mumbai', 'Zoos and Aquariums', '2018/06/19', '1'), ('java@gmail.com', 'indore', 'Nature and parks', '2018/06/19', '1'), ('java@gmail.com', 'mumbai', 'Beaches', '2018/06/20', '1'), ('sql@gmail.com', 'las vegas', 'Bars and pubs', '2018/06/27', '1'), ('java@gmail.com', 'pune', 'historical places', '2019/01/03', '0');
/*!40000 ALTER TABLE `adminnotification` ENABLE KEYS */;


# Dumping structure for table travel_database.analysis
CREATE TABLE IF NOT EXISTS `analysis` (
  `id` int(10) DEFAULT NULL,
  `precison` text,
  `recall` text
) ENGINE=InnoDB DEFAULT CHARSET=latin1;

# Dumping data for table travel_database.analysis: 7 rows
/*!40000 ALTER TABLE `analysis` DISABLE KEYS */;
INSERT INTO `analysis` (`id`, `precison`, `recall`) VALUES (2, '0.92', '0.08'), (4, '0.33', '0.55'), (5, '0.44', '0.88'), (3, '0.22', '0.33'), (1, '0.92', '0.08'), (1, '0.92', '0.08'), (1, '0.92', '0.08');
/*!40000 ALTER TABLE `analysis` ENABLE KEYS */;


# Dumping structure for table travel_database.latlong
CREATE TABLE IF NOT EXISTS `latlong` (
  `location` text,
  `latitude` text,
  `longitude` text,
  `order1` int(11) DEFAULT NULL
) ENGINE=MyISAM DEFAULT CHARSET=latin1;

# Dumping data for table travel_database.latlong: 0 rows
/*!40000 ALTER TABLE `latlong` DISABLE KEYS */;
/*!40000 ALTER TABLE `latlong` ENABLE KEYS */;


# Dumping structure for table travel_database.latlong1
CREATE TABLE IF NOT EXISTS `latlong1` (
  `location` text,
  `latitude` text,
  `longitude` text
) ENGINE=MyISAM DEFAULT CHARSET=latin1;

# Dumping data for table travel_database.latlong1: 10 rows
/*!40000 ALTER TABLE `latlong1` DISABLE KEYS */;
INSERT INTO `latlong1` (`location`, `latitude`, `longitude`) VALUES ('Shri Satya Sai Pandurang Kshetra', '18.5836435', '73.5129440'), ('Chaturshrungi Temple', '18.5388766', '73.8277599'), ('Shreemant Dagdusheth Halwai Sarvajanik Ganpati', '18.5164167', '73.8561092'), ('Sarasbaug Ganpati Temple', '18.5017567', '73.8524163'), ('Darshan Museum', '18.5241010', '73.8764150'), ('Narayani Dham Temple', '18.4532293', '73.8535994'), ('ISKCON NVCC Temple', '18.4486248', '73.8804326'), ('Shree Chintamani Temple', '18.5238648', '74.0464444'), ('Bhuleshwar Temple', '18.4357433', '74.2410246'), ('Baneshwar Temple', '18.2556571', '73.8742311');
/*!40000 ALTER TABLE `latlong1` ENABLE KEYS */;


# Dumping structure for table travel_database.poi_user
CREATE TABLE IF NOT EXISTS `poi_user` (
  `poi` text
) ENGINE=MyISAM DEFAULT CHARSET=latin1;

# Dumping data for table travel_database.poi_user: 13 rows
/*!40000 ALTER TABLE `poi_user` DISABLE KEYS */;
INSERT INTO `poi_user` (`poi`) VALUES ('Nature and parks'), ('Museums'), ('spas and wellness'), ('Lakes and Rivers'), ('Beaches'), ('Bars and pubs'), ('Sights and landmarks'), ('outdoor activities'), ('Fun and games'), ('Shopping'), ('Sightseeing'), ('Temple and mandir'), ('historical places');
/*!40000 ALTER TABLE `poi_user` ENABLE KEYS */;


# Dumping structure for table travel_database.testing
CREATE TABLE IF NOT EXISTS `testing` (
  `location` text,
  `number1` text,
  `adjecent` text,
  `distance1` text
) ENGINE=MyISAM DEFAULT CHARSET=latin1;

# Dumping data for table travel_database.testing: 0 rows
/*!40000 ALTER TABLE `testing` DISABLE KEYS */;
/*!40000 ALTER TABLE `testing` ENABLE KEYS */;


# Dumping structure for table travel_database.travellogue
CREATE TABLE IF NOT EXISTS `travellogue` (
  `TripLink` text,
  `locationname` text,
  `City` text,
  `poi` text
) ENGINE=MyISAM DEFAULT CHARSET=latin1;

# Dumping data for table travel_database.travellogue: 563 rows
/*!40000 ALTER TABLE `travellogue` DISABLE KEYS */;
INSERT INTO `travellogue` (`TripLink`, `locationname`, `City`, `poi`) VALUES ('/Attraction_Review-g297654-d5570234-Reviews-Shree_Chintamani_Temple-Pune_Pune_District_Maharashtra.html', 'Shree Chintamani Temple', 'pune', 'Temple and mandir'), ('/Attraction_Review-g297654-d2178306-Reviews-Baneshwar_Temple-Pune_Pune_District_Maharashtra.html', 'Baneshwar Temple', 'pune', 'Temple and mandir'), ('/Attraction_Review-g304554-d321007-Reviews-Jain_Temple_Mumbai-Mumbai_Maharashtra.html', 'Jain Temple - Mumbai', 'mumbai', 'Sightseeing'), ('/Attraction_Review-g304554-d10071803-Reviews-Chhatrapati_Shivaji_Maharaj_Vastu_Sangrahalaya-Mumbai_Maharashtra.html', 'Chhatrapati Shivaji Maharaj Vastu Sangrahalaya', 'mumbai', 'Sightseeing'), ('/Attraction_Review-g304554-d4560893-Reviews-Hare_Krishna_Temple-Mumbai_Maharashtra.html', 'Hare Krishna Temple', 'mumbai', 'Sightseeing'), ('/Attraction_Review-g304554-d4028759-Reviews-Worli_Sea_Face-Mumbai_Maharashtra.html', 'Worli Sea Face', 'mumbai', 'Sightseeing'), ('/Attraction_Review-g304554-d1204502-Reviews-Kanheri_Caves-Mumbai_Maharashtra.html', 'Kanheri Caves', 'mumbai', 'Sightseeing'), ('/Attraction_Review-g304554-d2457515-Reviews-Mahalakshmi_Temple-Mumbai_Maharashtra.html', 'Mahalakshmi Temple', 'mumbai', 'Sightseeing'), ('/Attraction_Review-g1532344-d4089095-Reviews-Nerul_Balaji_Temple-Navi_Mumbai_Mumbai_Maharashtra.html', 'Nerul Balaji Temple Navi Mumbai', 'mumbai', 'Sightseeing'), ('/Attraction_Review-g304554-d311674-Reviews-Mani_Bhavan_Gandhi_Museum-Mumbai_Maharashtra.html', 'Mani Bhavan Gandhi Museum', 'mumbai', 'Sightseeing'), ('/Attraction_Review-g304554-d2415677-Reviews-Babulnath_Temple-Mumbai_Maharashtra.html', 'Babulnath Temple', 'mumbai', 'Sightseeing'), ('/Attraction_Review-g304554-d321412-Reviews-Chhatrapati_Shivaji_Terminus-Mumbai_Maharashtra.html', 'Chhatrapati Shivaji Terminus', 'mumbai', 'Sightseeing'), ('/Attraction_Review-g304554-d3783379-Reviews-Nariman_Point-Mumbai_Maharashtra.html', 'Nariman Point', 'mumbai', 'Sightseeing'), ('/Attraction_Review-g304554-d2514810-Reviews-Global_Vipassana_Pagoda-Mumbai_Maharashtra.html', 'Global Vipassana Pagoda', 'mumbai', 'Sightseeing'), ('/Attraction_Review-g304554-d2704519-Reviews-Bandra_Worli_Sea_Link-Mumbai_Maharashtra.html', 'Bandra-Worli Sea Link', 'mumbai', 'Sightseeing'), ('/Attraction_Review-g304554-d3207759-Reviews-Sri_Sri_Radha_Gopinath_Temple-Mumbai_Maharashtra.html', 'Sri Sri Radha Gopinath Temple', 'mumbai', 'Sightseeing'), ('/Attraction_Review-g304554-d622586-Reviews-Shree_Siddhivinayak-Mumbai_Maharashtra.html', 'Shree Siddhivinayak', 'mumbai', 'Sightseeing'), ('/Attraction_Review-g494941-d3708214-Reviews-Tincha_Fall-Indore_Indore_District_Madhya_Pradesh.html', 'Tincha Fall', 'indore', 'Nature and parks'), ('/Attraction_Review-g304554-d6949190-Reviews-Govardhan_Ecovillage-Mumbai_Maharashtra.html', 'Govardhan Ecovillage', 'mumbai', 'Sightseeing'), ('/Attraction_Review-g297654-d3841227-Reviews-Shri_Satya_Sai_Pandurang_Kshetra-Pune_Pune_District_Maharashtra.html', 'Shri Satya Sai Pandurang Kshetra', 'pune', 'Temple and mandir'), ('/Attraction_Review-g494941-d11895435-Reviews-Kamla_Nehru_Prani_Sangrahalay-Indore_Indore_District_Madhya_Pradesh.html', 'Kamla Nehru Prani Sangrahalay', 'indore', 'Nature and parks'), ('/Attraction_Review-g494941-d4092729-Reviews-Nehru_Park-Indore_Indore_District_Madhya_Pradesh.html', 'Nehru Park', 'indore', 'Nature and parks'), ('/Attraction_Review-g494941-d4435736-Reviews-Ralamandal_Wildlife_Sanctuary-Indore_Indore_District_Madhya_Pradesh.html', 'Ralamandal Wildlife Sanctuary', 'indore', 'Nature and parks'), ('/Attraction_Review-g494941-d9798196-Reviews-Janapav-Indore_Indore_District_Madhya_Pradesh.html', 'Janapav', 'indore', 'Nature and parks'), ('/Attraction_Review-g297654-d2178331-Reviews-Bhuleshwar_Temple-Pune_Pune_District_Maharashtra.html', 'Bhuleshwar Temple', 'pune', 'Temple and mandir'), ('/Attraction_Review-g297654-d2721739-Reviews-Chaturshrungi_Temple-Pune_Pune_District_Maharashtra.html', 'Chaturshrungi Temple', 'pune', 'Temple and mandir'), ('/Attraction_Review-g494941-d4088592-Reviews-Meghdoot_Upvan-Indore_Indore_District_Madhya_Pradesh.html', 'Meghdoot Upvan', 'indore', 'Nature and parks'), ('/Attraction_Review-g494941-d11997206-Reviews-Tafreeh_Agro_Park-Indore_Indore_District_Madhya_Pradesh.html', 'Tafreeh Agro Park', 'indore', 'Nature and parks'), ('/Attraction_Review-g494941-d11959260-Reviews-Sirpur_Lake-Indore_Indore_District_Madhya_Pradesh.html', 'Sirpur Lake', 'indore', 'Nature and parks'), ('/Attraction_Review-g304554-d311674-Reviews-Mani_Bhavan_Gandhi_Museum-Mumbai_Maharashtra.html', 'Mani Bhavan Gandhi Museum', 'mumbai', 'Museums'), ('/Attraction_Review-g297654-d4084160-Reviews-Narayani_Dham_Temple-Pune_Pune_District_Maharashtra.html', 'Narayani Dham Temple', 'pune', 'Temple and mandir'), ('/Attraction_Review-g297654-d3136963-Reviews-Sarasbaug_Ganpati_Temple-Pune_Pune_District_Maharashtra.html', 'Sarasbaug Ganpati Temple', 'pune', 'Temple and mandir'), ('/Attraction_Review-g297654-d325350-Reviews-Katraj_Jain_Temple-Pune_Pune_District_Maharashtra.html', 'Katraj Jain Temple', 'pune', 'Temple and mandir'), ('/Attraction_Review-g297654-d4401207-Reviews-Ranjangaon_Ganpati_Temple-Pune_Pune_District_Maharashtra.html', 'Ranjangaon Ganpati Temple', 'pune', 'Temple and mandir'), ('/Attraction_Review-g304554-d10071803-Reviews-Chhatrapati_Shivaji_Maharaj_Vastu_Sangrahalaya-Mumbai_Maharashtra.html', 'Chhatrapati Shivaji Maharaj Vastu Sangrahalaya', 'mumbai', 'Museums'), ('/Attraction_Review-g297654-d3838598-Reviews-ISKCON_NVCC_Temple-Pune_Pune_District_Maharashtra.html', 'ISKCON NVCC Temple', 'pune', 'Temple and mandir'), ('/Attraction_Review-g297654-d2520937-Reviews-Shreemant_Dagdusheth_Halwai_Sarvajanik_Ganpati-Pune_Pune_District_Maharashtra.html', 'Shreemant Dagdusheth Halwai Sarvajanik Ganpati', 'pune', 'Temple and mandir'), ('/Attraction_Review-g297654-d2312973-Reviews-Darshan_Museum-Pune_Pune_District_Maharashtra.html', 'Darshan Museum', 'pune', 'Temple and mandir'), ('/Attraction_Review-g303883-d2711731-Reviews-Anjneri_Hill-Nashik_Nashik_District_Maharashtra.html', 'Anjneri Hill', 'nashik', 'outdoor activities'), ('/Attraction_Review-g303883-d2009107-Reviews-Sita_Gumpha-Nashik_Nashik_District_Maharashtra.html', 'Sita Gumpha', 'nashik', 'outdoor activities'), ('/Attraction_Review-g303883-d4152203-Reviews-Gangapur_Dam-Nashik_Nashik_District_Maharashtra.html', 'Gangapur Dam', 'nashik', 'outdoor activities'), ('/Attraction_Review-g303883-d2009090-Reviews-Ramkund-Nashik_Nashik_District_Maharashtra.html', 'Ramkund', 'nashik', 'outdoor activities'), ('/Attraction_Review-g303883-d2648853-Reviews-Ganga_Ghat-Nashik_Nashik_District_Maharashtra.html', 'Ganga Ghat', 'nashik', 'outdoor activities'), ('/Attraction_Review-g303883-d9835170-Reviews-Harihar_Fort-Nashik_Nashik_District_Maharashtra.html', 'Harihar Fort', 'nashik', 'outdoor activities'), ('/Attraction_Review-g303883-d9709549-Reviews-Temple_Hill-Nashik_Nashik_District_Maharashtra.html', 'Temple Hill', 'nashik', 'outdoor activities'), ('/Attraction_Review-g303883-d7676270-Reviews-Nandur_Madhmeshwar_Bird_Sanctuary-Nashik_Nashik_District_Maharashtra.html', 'Nandur Madhmeshwar Bird Sanctuary', 'nashik', 'outdoor activities'), ('/Attraction_Review-g303883-d2711756-Reviews-Chambharlena_Caves-Nashik_Nashik_District_Maharashtra.html', 'Chambharlena Caves', 'nashik', 'outdoor activities'), ('/Attraction_Review-g303883-d8059951-Reviews-Dugarwadi_Waterfall-Nashik_Nashik_District_Maharashtra.html', 'Dugarwadi Waterfall', 'nashik', 'outdoor activities'), ('/Attraction_Review-g303883-d4435157-Reviews-Ozarkhed_Dam-Nashik_Nashik_District_Maharashtra.html', 'Ozarkhed Dam', 'nashik', 'outdoor activities'), ('/Attraction_Review-g303883-d3239579-Reviews-Tringalwadi_Lake-Nashik_Nashik_District_Maharashtra.html', 'Tringalwadi Lake', 'nashik', 'outdoor activities'), ('/Attraction_Review-g303883-d5788254-Reviews-Karanjwan_Dam-Nashik_Nashik_District_Maharashtra.html', 'Karanjwan Dam', 'nashik', 'outdoor activities'), ('/Attraction_Review-g303883-d13228215-Reviews-Kashyapi_Dam-Nashik_Nashik_District_Maharashtra.html', 'Kashyapi Dam', 'nashik', 'outdoor activities'), ('/Attraction_Review-g816969-d1751637-Reviews-Agonda_Beach-Agonda_South_Goa_District_Goa.html', 'Agonda Beach Agonda', 'goa', 'Nature and parks'), ('/Attraction_Review-g1010240-d1723866-Reviews-Mandrem_Beach-Mandrem_North_Goa_District_Goa.html', 'Mandrem Beach Mandrem', 'goa', 'Nature and parks'), ('/Attraction_Review-g2307943-d3735595-Reviews-Keri_Beach_Querim_Beach-Arambol_North_Goa_District_Goa.html', 'Keri Beach (Querim Beach) Arambol', 'goa', 'Nature and parks'), ('/Attraction_Review-g1096236-d2665593-Reviews-Varca_Beach-Varca_South_Goa_District_Goa.html', 'Varca Beach Varca', 'goa', 'Nature and parks'), ('/Attraction_Review-g775971-d1751661-Reviews-Cavelossim_Beach-Cavelossim_South_Goa_District_Goa.html', 'Cavelossim Beach Cavelossim', 'goa', 'Nature and parks'), ('/Attraction_Review-g297606-d13224623-Reviews-Arossim_Beach-Salcette_South_Goa_District_Goa.html', 'Arossim Beach Salcette', 'goa', 'Nature and parks'), ('/Attraction_Review-g816969-d4138937-Reviews-Galgibaga_Beach-Agonda_South_Goa_District_Goa.html', 'Galgibaga Beach Agonda', 'goa', 'Nature and parks'), ('/Attraction_Review-g1204863-d1063236-Reviews-Utorda_Beach-Utorda_South_Goa_District_Goa.html', 'Utorda Beach Utorda', 'goa', 'Nature and parks'), ('/Attraction_Review-g306996-d482982-Reviews-Palolem_Beach-Canacona_South_Goa_District_Goa.html', 'Palolem Beach Canacona', 'goa', 'Nature and parks'), ('/Attraction_Review-g306994-d2697308-Reviews-Betalbatim_Beach-Benaulim_Salcette_South_Goa_District_Goa.html', 'Betalbatim Beach Benaulim', 'goa', 'Nature and parks'), ('/Attraction_Review-g312681-d1751660-Reviews-Cansaulim_Beach-Cansaulim_South_Goa_District_Goa.html', 'Cansaulim Beach Cansaulim', 'goa', 'Nature and parks'), ('/Attraction_Review-g2307943-d482978-Reviews-Arambol_Beach-Arambol_North_Goa_District_Goa.html', 'Arambol Beach Arambol', 'goa', 'Nature and parks'), ('/Attraction_Review-g1833171-d3187540-Reviews-Dudhsagar_Falls-Mollem_National_Park_South_Goa_District_Goa.html', 'Dudhsagar Falls Mollem National Park', 'goa', 'Nature and parks'), ('/Attraction_Review-g1936425-d1230998-Reviews-Morjim_Beach-Morjim_North_Goa_District_Goa.html', 'Morjim Beach Morjim', 'goa', 'Nature and parks'), ('/Attraction_Review-g303877-d3731045-Reviews-Patnem_Colomb_Beach-Panjim_North_Goa_District_Goa.html', 'Patnem-Colomb Beach Panjim', 'goa', 'Nature and parks'), ('/Attraction_Review-g306993-d951184-Reviews-Candolim_Beach-Bardez_North_Goa_District_Goa.html', 'Candolim Beach Bardez', 'goa', 'Nature and parks'), ('/Attraction_Review-g306996-d3928179-Reviews-Galjibaga_Beach-Canacona_South_Goa_District_Goa.html', 'Galjibaga Beach Canacona', 'goa', 'Nature and parks'), ('/Attraction_Review-g1165042-d3879393-Reviews-Sinquerim_Beach-Sinquerim_North_Goa_District_Goa.html', 'Sinquerim Beach Sinquerim', 'goa', 'Nature and parks'), ('/Attraction_Review-g312680-d2708777-Reviews-Chapora_Beach-Arpora_North_Goa_District_Goa.html', 'Chapora Beach Arpora', 'goa', 'Nature and parks'), ('/Attraction_Review-g306993-d1065278-Reviews-Vagator_Beach-Bardez_North_Goa_District_Goa.html', 'Vagator Beach Bardez', 'goa', 'Nature and parks'), ('/Attraction_Review-g1064392-d2306590-Reviews-Colva_Beach-Colva_South_Goa_District_Goa.html', 'Colva Beach Colva', 'goa', 'Nature and parks'), ('/Attraction_Review-g2334950-d2721507-Reviews-Butterfly_Beach-Palolem_Canacona_South_Goa_District_Goa.html', 'Butterfly Beach Palolem', 'goa', 'Nature and parks'), ('/Attraction_Review-g635747-d2697362-Reviews-Baga_Beach-Baga_North_Goa_District_Goa.html', 'Baga Beach Baga', 'goa', 'Nature and parks'), ('/Attraction_Review-g297605-d7177581-Reviews-Indian_Arts_Exposition-Candolim_Bardez_North_Goa_District_Goa.html', 'Indian Arts Exposition Candolim', 'goa', 'Shopping'), ('/Attraction_Review-g297605-d4083655-Reviews-Hollywood_Fashion_Goa_High_Quality_bespoke_Tailoring-Candolim_Bardez_North_Goa_Di.html', 'Hollywood Fashion Goa High Quality bespoke Tailoring Candolim', 'goa', 'Shopping'), ('/Attraction_Review-g635747-d1742552-Reviews-GM_Jewellers-Baga_North_Goa_District_Goa.html', 'GM Jewellers Baga', 'goa', 'Shopping'), ('/Attraction_Review-g306995-d7738564-Reviews-Royal_Jewellers-Calangute_North_Goa_District_Goa.html', 'Royal Jewellers Calangute', 'goa', 'Shopping'), ('/Attraction_Review-g306995-d1654176-Reviews-Mac_Tailors-Calangute_North_Goa_District_Goa.html', 'Mac Tailors Calangute', 'goa', 'Shopping'), ('/Attraction_Review-g306994-d6869484-Reviews-Din_Brothers-Benaulim_Salcette_South_Goa_District_Goa.html', 'Din Brothers Benaulim', 'goa', 'Shopping'), ('/Attraction_Review-g297605-d6279683-Reviews-Lhasa_Art-Candolim_Bardez_North_Goa_District_Goa.html', 'Lhasa Art Candolim', 'goa', 'Shopping'), ('/Attraction_Review-g1064392-d6886395-Reviews-Zorro_Jewellers-Colva_South_Goa_District_Goa.html', 'Zorro Jewellers Colva', 'goa', 'Shopping'), ('/Attraction_Review-g312680-d2556336-Reviews-The_Saturday_Night_Market-Arpora_North_Goa_District_Goa.html', 'The Saturday Night Market Arpora', 'goa', 'Shopping'), ('/Attraction_Review-g1438385-d1973470-Reviews-Mapusa_Friday_Bazaar-Mapusa_North_Goa_District_Goa.html', 'Mapusa Friday Bazaar Mapusa', 'goa', 'Shopping'), ('/Attraction_Review-g306992-d319879-Reviews-Anjuna_Market-Anjuna_Bardez_North_Goa_District_Goa.html', 'Anjuna Market Anjuna', 'goa', 'Shopping'), ('/Attraction_Review-g306995-d3834958-Reviews-Goa_Aquatics-Calangute_North_Goa_District_Goa.html', 'Goa Aquatics Calangute', 'goa', 'Shopping'), ('/Attraction_Review-g1152662-d2616467-Reviews-Margao_Market-Margao_South_Goa_District_Goa.html', 'Margao Market Margao', 'goa', 'Shopping'), ('/Attraction_Review-g297605-d4167576-Reviews-Gulzar_Jeweller-Candolim_Bardez_North_Goa_District_Goa.html', 'Gulzar Jeweller Candolim', 'goa', 'Shopping'), ('/Attraction_Review-g303877-d3258270-Reviews-Sunaparanta_Goa_Centre_for_the_Arts-Panjim_North_Goa_District_Goa.html', 'Sunaparanta, Goa Centre for the Arts Panjim', 'goa', 'Shopping'), ('/Attraction_Review-g297605-d8780289-Reviews-Elegant_Gems-Candolim_Bardez_North_Goa_District_Goa.html', 'Elegant Gems Candolim', 'goa', 'Shopping'), ('/Attraction_Review-g303877-d1813794-Reviews-Gallery_Gitanjali-Panjim_North_Goa_District_Goa.html', 'Gallery Gitanjali Panjim', 'goa', 'Shopping'), ('/Attraction_Review-g306994-d13859706-Reviews-Jewels_Of_India-Benaulim_Salcette_South_Goa_District_Goa.html', 'Jewels Of India Benaulim', 'goa', 'Shopping'), ('/Attraction_Review-g303877-d2704731-Reviews-18th_June_Road-Panjim_North_Goa_District_Goa.html', '18th June Road Panjim', 'goa', 'Shopping'), ('/Attraction_Review-g304554-d5570804-Reviews-Clue_Hunt-Mumbai_Maharashtra.html', 'Clue Hunt', 'mumbai', 'Fun and games'), ('/Attraction_Review-g304554-d3804197-Reviews-Smaaash-Mumbai_Maharashtra.html', 'Smaaash', 'mumbai', 'Fun and games'), ('/Attraction_Review-g304554-d7268913-Reviews-Flight_4_Fantasy_Mumbai-Mumbai_Maharashtra.html', 'Flight 4 Fantasy Mumbai', 'mumbai', 'Fun and games'), ('/Attraction_Review-g304554-d14008868-Reviews-Mystery_Rooms-Mumbai_Maharashtra.html', 'Mystery Rooms', 'mumbai', 'Fun and games'), ('/Attraction_Review-g304554-d324655-Reviews-IMAX_BIG_Cinemas-Mumbai_Maharashtra.html', 'IMAX BIG Cinemas', 'mumbai', 'Fun and games'), ('/Attraction_Review-g304554-d324647-Reviews-Mahalakshmi_Race_Course-Mumbai_Maharashtra.html', 'Mahalakshmi Race Course', 'mumbai', 'Fun and games'), ('/Attraction_Review-g304554-d9775956-Reviews-Inox_R_City_Ghatkopar-Mumbai_Maharashtra.html', 'Inox R-City Ghatkopar', 'mumbai', 'Fun and games'), ('/Attraction_Review-g304554-d6727390-Reviews-What_The_Fun-Mumbai_Maharashtra.html', 'What The Fun', 'mumbai', 'Fun and games'), ('/Attraction_Review-g304554-d8841148-Reviews-Amoeba_Bowling-Mumbai_Maharashtra.html', 'Amoeba Bowling', 'mumbai', 'Fun and games'), ('/Attraction_Review-g304554-d10170787-Reviews-Creeda_Board_Game_Cafe-Mumbai_Maharashtra.html', 'Creeda Board Game Cafe', 'mumbai', 'Fun and games'), ('/Attraction_Review-g304554-d9706130-Reviews-PVR_Cinema-Mumbai_Maharashtra.html', 'PVR Cinema', 'mumbai', 'Fun and games'), ('/Attraction_Review-g304554-d2550996-Reviews-The_Comedy_Store-Mumbai_Maharashtra.html', 'The Comedy Store', 'mumbai', 'Fun and games'), ('/Attraction_Review-g304554-d12221966-Reviews-Maratha_Mandir_Cinema-Mumbai_Maharashtra.html', 'Maratha Mandir Cinema', 'mumbai', 'Fun and games'), ('/Attraction_Review-g304554-d3748588-Reviews-Big_Cinema_R_city_Mall-Mumbai_Maharashtra.html', 'Big Cinema, R city Mall', 'mumbai', 'Fun and games'), ('/Attraction_Review-g304554-d10123326-Reviews-TimeZone-Mumbai_Maharashtra.html', 'TimeZone', 'mumbai', 'Fun and games'), ('/Attraction_Review-g304554-d6041526-Reviews-Liberty_Cinema-Mumbai_Maharashtra.html', 'Liberty Cinema', 'mumbai', 'Fun and games'), ('/Attraction_Review-g304554-d11945959-Reviews-Red_Carpet_Wax_Museum-Mumbai_Maharashtra.html', 'Red Carpet Wax Museum', 'mumbai', 'Museums'), ('/Attraction_Review-g304554-d321422-Reviews-Nehru_Planetarium-Mumbai_Maharashtra.html', 'Nehru Planetarium', 'mumbai', 'Museums'), ('/Attraction_Review-g304554-d324629-Reviews-Jehangir_Art_Gallery-Mumbai_Maharashtra.html', 'Jehangir Art Gallery', 'mumbai', 'Museums'), ('/Attraction_Review-g304554-d1598576-Reviews-Nehru_Science_Center-Mumbai_Maharashtra.html', 'Nehru Science Center', 'mumbai', 'Museums'), ('/Attraction_Review-g304554-d6717166-Reviews-National_Gallery_of_Modern_Art-Mumbai_Maharashtra.html', 'National Gallery of Modern Art', 'mumbai', 'Museums'), ('/Attraction_Review-g304554-d6838833-Reviews-Aai_Museum-Mumbai_Maharashtra.html', 'Aai Museum', 'mumbai', 'Museums'), ('/Attraction_Review-g304554-d6440374-Reviews-Rhythm_Art_Gallery-Mumbai_Maharashtra.html', 'Rhythm Art Gallery', 'mumbai', 'Museums'), ('/Attraction_Review-g304554-d5792196-Reviews-Volte_Gallery-Mumbai_Maharashtra.html', 'Volte Gallery', 'mumbai', 'Museums'), ('/Attraction_Review-g304554-d13393413-Reviews-Rbi_Coin_Museum_Mumbai-Mumbai_Maharashtra.html', 'Rbi Coin Museum Mumbai', 'mumbai', 'Museums'), ('/Attraction_Review-g304554-d321436-Reviews-Archaeological_Survey_of_India_Museum-Mumbai_Maharashtra.html', 'Archaeological Survey of India Museum', 'mumbai', 'Museums'), ('/Attraction_Review-g304554-d5792111-Reviews-Harekrishna_Art_Studio-Mumbai_Maharashtra.html', 'Harekrishna Art Studio', 'mumbai', 'Museums'), ('/Attraction_Review-g304554-d5792195-Reviews-Sakshi_Gallery-Mumbai_Maharashtra.html', 'Sakshi Gallery', 'mumbai', 'Museums'), ('/Attraction_Review-g304554-d8417123-Reviews-Dinodia_Photo_Gallery-Mumbai_Maharashtra.html', 'Dinodia Photo Gallery', 'mumbai', 'Museums'), ('/Attraction_Review-g304554-d6496087-Reviews-Art_Desh_Gallery-Mumbai_Maharashtra.html', 'Art Desh Gallery', 'mumbai', 'Museums'), ('/Attraction_Review-g304554-d10736950-Reviews-East_Indian_Museum-Mumbai_Maharashtra.html', 'East Indian Museum', 'mumbai', 'Museums'), ('/Attraction_Review-g304554-d5782315-Reviews-Studio3_Art_Gallery-Mumbai_Maharashtra.html', 'Studio3 Art Gallery', 'mumbai', 'Museums'), ('/Restaurant_Review-g304554-d5998754-Reviews-Ark_Bar-Mumbai_Maharashtra.html', 'Ark Bar', 'mumbai', 'Bars and pubs'), ('/Restaurant_Review-g304554-d12632122-Reviews-Independence_Brewing_Company-Mumbai_Maharashtra.html', 'Independence Brewing Company', 'mumbai', 'Bars and pubs'), ('/Restaurant_Review-g304554-d5999054-Reviews-Crimson_Lakeside_Chalet-Mumbai_Maharashtra.html', 'Crimson Lakeside Chalet', 'mumbai', 'Bars and pubs'), ('/Restaurant_Review-g304554-d3958789-Reviews-Kandivli-Mumbai_Maharashtra.html', 'Kandivli', 'mumbai', 'Bars and pubs'), ('/Restaurant_Review-g304554-d5071199-Reviews-Irish_Pub-Mumbai_Maharashtra.html', 'Irish Pub', 'mumbai', 'Bars and pubs'), ('/Restaurant_Review-g304554-d7712924-Reviews-Float-Mumbai_Maharashtra.html', 'Float', 'mumbai', 'Bars and pubs'), ('/Restaurant_Review-g304554-d5071213-Reviews-Jalebi_Chowk-Mumbai_Maharashtra.html', 'Jalebi Chowk', 'mumbai', 'Bars and pubs'), ('/Restaurant_Review-g304554-d5326681-Reviews-Annaleela-Mumbai_Maharashtra.html', 'Annaleela', 'mumbai', 'Bars and pubs'), ('/Restaurant_Review-g304554-d6727139-Reviews-Public_Restaurant-Mumbai_Maharashtra.html', 'Public Restaurant', 'mumbai', 'Bars and pubs'), ('/Restaurant_Review-g304554-d13424879-Reviews-SamBar_Pub_Kitchen-Mumbai_Maharashtra.html', 'SamBar Pub & Kitchen', 'mumbai', 'Bars and pubs'), ('/Restaurant_Review-g304554-d14181615-Reviews-FLYP_MTV-Mumbai_Maharashtra.html', 'FLYP@MTV', 'mumbai', 'Bars and pubs'), ('/Restaurant_Review-g304554-d5997549-Reviews-Tigs_Pub-Mumbai_Maharashtra.html', 'Tigs Pub', 'mumbai', 'Bars and pubs'), ('/Restaurant_Review-g304554-d5997509-Reviews-Twister_the_Pub-Mumbai_Maharashtra.html', 'Twister the Pub', 'mumbai', 'Bars and pubs'), ('/Restaurant_Review-g297628-d3475030-Reviews-Pasta_Street-Bengaluru_Bangalore_District_Karnataka.html', 'Pasta Street', 'bengaluru', 'Bars and pubs'), ('/Restaurant_Review-g297628-d5572878-Reviews-3_Monkeys-Bengaluru_Bangalore_District_Karnataka.html', '3 Monkeys', 'bengaluru', 'Bars and pubs'), ('/Restaurant_Review-g297628-d4302981-Reviews-Obsidian-Bengaluru_Bangalore_District_Karnataka.html', 'Obsidian', 'bengaluru', 'Bars and pubs'), ('/Restaurant_Review-g297628-d4816511-Reviews-Highland_Nectar-Bengaluru_Bangalore_District_Karnataka.html', 'Highland Nectar', 'bengaluru', 'Bars and pubs'), ('/Restaurant_Review-g297628-d7251047-Reviews-No_Limmits-Bengaluru_Bangalore_District_Karnataka.html', 'No Limmits', 'bengaluru', 'Bars and pubs'), ('/Restaurant_Review-g297628-d7702099-Reviews-Jalsa-Bengaluru_Bangalore_District_Karnataka.html', 'Jalsa', 'bengaluru', 'Bars and pubs'), ('/Restaurant_Review-g297628-d4935314-Reviews-Tilt_Gastropub-Bengaluru_Bangalore_District_Karnataka.html', 'Tilt Gastropub', 'bengaluru', 'Bars and pubs'), ('/Restaurant_Review-g297628-d7010056-Reviews-Filling_Station-Bengaluru_Bangalore_District_Karnataka.html', 'Filling Station', 'bengaluru', 'Bars and pubs'), ('/Restaurant_Review-g297628-d7379357-Reviews-Salem_Kitchen-Bengaluru_Bangalore_District_Karnataka.html', 'Salem Kitchen', 'bengaluru', 'Bars and pubs'), ('/Restaurant_Review-g297628-d2355471-Reviews-The_Hub-Bengaluru_Bangalore_District_Karnataka.html', 'The Hub', 'bengaluru', 'Bars and pubs'), ('/Restaurant_Review-g297628-d7939041-Reviews-Scottish_Pub-Bengaluru_Bangalore_District_Karnataka.html', 'Scottish Pub', 'bengaluru', 'Bars and pubs'), ('/Restaurant_Review-g297628-d5068854-Reviews-Bubbles_Bite-Bengaluru_Bangalore_District_Karnataka.html', 'Bubbles Bite', 'bengaluru', 'Bars and pubs'), ('/Restaurant_Review-g297628-d5069154-Reviews-Indi_Sos_Pub_and_Restaurant-Bengaluru_Bangalore_District_Karnataka.html', 'Indi Sos Pub and Restaurant', 'bengaluru', 'Bars and pubs'), ('/Restaurant_Review-g297628-d5903424-Reviews-Just_Another_Pub-Bengaluru_Bangalore_District_Karnataka.html', 'Just Another Pub', 'bengaluru', 'Bars and pubs'), ('/Restaurant_Review-g297628-d5786392-Reviews-Mafia_Pub-Bengaluru_Bangalore_District_Karnataka.html', 'Mafia Pub', 'bengaluru', 'Bars and pubs'), ('/Restaurant_Review-g297628-d13510462-Reviews-Primal-Bengaluru_Bangalore_District_Karnataka.html', 'Primal', 'bengaluru', 'Bars and pubs'), ('/Restaurant_Review-g297628-d5897454-Reviews-Abdul_Saleem_Restaurant-Bengaluru_Bangalore_District_Karnataka.html', 'Abdul Saleem Restaurant', 'bengaluru', 'Bars and pubs'), ('/Attraction_Review-g297628-d2587630-Reviews-Cubbon_Park-Bengaluru_Bangalore_District_Karnataka.html', 'Cubbon Park', 'bengaluru', 'Nature and parks'), ('/Attraction_Review-g297628-d631367-Reviews-Lalbagh_Botanical_Garden-Bengaluru_Bangalore_District_Karnataka.html', 'Lalbagh Botanical Garden', 'bengaluru', 'Nature and parks'), ('/Attraction_Review-g304554-d3704881-Reviews-Marve_Beach-Mumbai_Maharashtra.html', 'Marve Beach', 'mumbai', 'Beaches'), ('/Attraction_Review-g297628-d4138665-Reviews-Sankey_Tank-Bengaluru_Bangalore_District_Karnataka.html', 'Sankey Tank', 'bengaluru', 'Nature and parks'), ('/Attraction_Review-g304554-d7797996-Reviews-Girgaum_Chowpatty-Mumbai_Maharashtra.html', 'Girgaum Chowpatty', 'mumbai', 'Beaches'), ('/Attraction_Review-g304554-d321424-Reviews-Juhu_Beach-Mumbai_Maharashtra.html', 'Juhu Beach', 'mumbai', 'Beaches'), ('/Attraction_Review-g304554-d2651128-Reviews-Manori_Beach-Mumbai_Maharashtra.html', 'Manori Beach', 'mumbai', 'Beaches'), ('/Attraction_Review-g304554-d321427-Reviews-Madh_Island-Mumbai_Maharashtra.html', 'Madh Island', 'mumbai', 'Beaches'), ('/Attraction_Review-g304554-d3437843-Reviews-Aksa_Beach-Mumbai_Maharashtra.html', 'Aksa Beach', 'mumbai', 'Beaches'), ('/Attraction_Review-g304554-d324633-Reviews-Gorai_Beach-Mumbai_Maharashtra.html', 'Gorai Beach', 'mumbai', 'Beaches'), ('/Attraction_Review-g304554-d311628-Reviews-Chowpatty_Beach-Mumbai_Maharashtra.html', 'Chowpatty Beach', 'mumbai', 'Beaches'), ('/Attraction_Review-g304554-d311667-Reviews-Gateway_of_India-Mumbai_Maharashtra.html', 'Gateway of India', 'mumbai', 'Sights and landmarks'), ('/Attraction_Review-g304554-d622586-Reviews-Shree_Siddhivinayak-Mumbai_Maharashtra.html', 'Shree Siddhivinayak', 'mumbai', 'Sights and landmarks'), ('/Attraction_Review-g304554-d3207759-Reviews-Sri_Sri_Radha_Gopinath_Temple-Mumbai_Maharashtra.html', 'Sri Sri Radha Gopinath Temple', 'mumbai', 'Sights and landmarks'), ('/Attraction_Review-g304554-d2704519-Reviews-Bandra_Worli_Sea_Link-Mumbai_Maharashtra.html', 'Bandra-Worli Sea Link', 'mumbai', 'Sights and landmarks'), ('/Attraction_Review-g304554-d3783379-Reviews-Nariman_Point-Mumbai_Maharashtra.html', 'Nariman Point', 'mumbai', 'Sights and landmarks'), ('/Attraction_Review-g304554-d2638424-Reviews-Mount_Mary_Church-Mumbai_Maharashtra.html', 'Mount Mary Church', 'mumbai', 'Sights and landmarks'), ('/Attraction_Review-g1532344-d7156396-Reviews-Hanuman_Temple_of_SIES-Navi_Mumbai_Mumbai_Maharashtra.html', 'Hanuman Temple of SIES Navi Mumbai', 'mumbai', 'Sights and landmarks'), ('/Attraction_Review-g304554-d321412-Reviews-Chhatrapati_Shivaji_Terminus-Mumbai_Maharashtra.html', 'Chhatrapati Shivaji Terminus', 'mumbai', 'Sights and landmarks'), ('/Attraction_Review-g1532344-d4089095-Reviews-Nerul_Balaji_Temple-Navi_Mumbai_Mumbai_Maharashtra.html', 'Nerul Balaji Temple Navi Mumbai', 'mumbai', 'Sights and landmarks'), ('/Attraction_Review-g304554-d2415677-Reviews-Babulnath_Temple-Mumbai_Maharashtra.html', 'Babulnath Temple', 'mumbai', 'Sights and landmarks'), ('/Attraction_Review-g304554-d2439705-Reviews-High_Street_Phoenix-Mumbai_Maharashtra.html', 'High Street Phoenix', 'mumbai', 'Sights and landmarks'), ('/Attraction_Review-g304554-d6041421-Reviews-Viviana_Mall-Mumbai_Maharashtra.html', 'Viviana Mall', 'mumbai', 'Sights and landmarks'), ('/Attraction_Review-g304554-d4560893-Reviews-Hare_Krishna_Temple-Mumbai_Maharashtra.html', 'Hare Krishna Temple', 'mumbai', 'Sights and landmarks'), ('/Attraction_Review-g304554-d10071803-Reviews-Chhatrapati_Shivaji_Maharaj_Vastu_Sangrahalaya-Mumbai_Maharashtra.html', 'Chhatrapati Shivaji Maharaj Vastu Sangrahalaya', 'mumbai', 'Sights and landmarks'), ('/Attraction_Review-g304554-d4028759-Reviews-Worli_Sea_Face-Mumbai_Maharashtra.html', 'Worli Sea Face', 'mumbai', 'Sights and landmarks'), ('/Attraction_Review-g304554-d321007-Reviews-Jain_Temple_Mumbai-Mumbai_Maharashtra.html', 'Jain Temple - Mumbai', 'mumbai', 'Sights and landmarks'), ('/Attraction_Review-g304554-d311661-Reviews-Colaba-Mumbai_Maharashtra.html', 'Colaba', 'mumbai', 'Sights and landmarks'), ('/Attraction_Review-g304554-d3330996-Reviews-Quan_Spa_Mumbai-Mumbai_Maharashtra.html', 'Quan Spa, Mumbai', 'mumbai', 'spas and wellness'), ('/Attraction_Review-g304554-d11914609-Reviews-Tattva_Spa_Saki_Naka-Mumbai_Maharashtra.html', 'Tattva Spa - Saki Naka', 'mumbai', 'spas and wellness'), ('/Attraction_Review-g304554-d10380494-Reviews-Ashoka_Spa-Mumbai_Maharashtra.html', 'Ashoka Spa', 'mumbai', 'spas and wellness'), ('/Attraction_Review-g304554-d3332227-Reviews-Club_Renaissance_Spa-Mumbai_Maharashtra.html', 'Club Renaissance & Spa', 'mumbai', 'spas and wellness'), ('/Attraction_Review-g304554-d2648559-Reviews-The_Palms_Spa-Mumbai_Maharashtra.html', 'The Palms Spa', 'mumbai', 'spas and wellness'), ('/Attraction_Review-g304554-d5792123-Reviews-Metta_Reflexology_Spa-Mumbai_Maharashtra.html', 'Metta Reflexology Spa', 'mumbai', 'spas and wellness'), ('/Attraction_Review-g304554-d12906769-Reviews-Tattva_Spa_Goregaon_West-Mumbai_Maharashtra.html', 'Tattva Spa - Goregaon West', 'mumbai', 'spas and wellness'), ('/Attraction_Review-g304554-d2218014-Reviews-O2_Spa-Mumbai_Maharashtra.html', 'O2 Spa', 'mumbai', 'spas and wellness'), ('/Attraction_Review-g304554-d2409464-Reviews-Areopagus_The_Japanese_Day_Spa-Mumbai_Maharashtra.html', 'Areopagus: The Japanese Day Spa', 'mumbai', 'spas and wellness'), ('/Attraction_Review-g304554-d1813091-Reviews-The_Four_Fountains_Spa_Powai-Mumbai_Maharashtra.html', 'The Four Fountains Spa - Powai', 'mumbai', 'spas and wellness'), ('/Attraction_Review-g304554-d9608568-Reviews-Yogacara_Healing_Arts-Mumbai_Maharashtra.html', 'Yogacara Healing Arts', 'mumbai', 'spas and wellness'), ('/Attraction_Review-g304554-d7904799-Reviews-Sukho_Thai_Massage_Spa-Mumbai_Maharashtra.html', 'Sukho Thai Massage & Spa', 'mumbai', 'spas and wellness'), ('/Attraction_Review-g304554-d1908931-Reviews-Dhanwantri_Kerala_Ayurved-Mumbai_Maharashtra.html', 'Dhanwantri Kerala Ayurved', 'mumbai', 'spas and wellness'), ('/Attraction_Review-g297586-d320672-Reviews-Taj_Falaknuma_Palace-Hyderabad_Hyderabad_District_Telangana.html', 'Taj Falaknuma Palace', 'hydrabad', 'Sights and landmarks'), ('/Attraction_Review-g297586-d4401161-Reviews-Sri_Ramakrishna_Math-Hyderabad_Hyderabad_District_Telangana.html', 'Sri Ramakrishna Math', 'hydrabad', 'Sights and landmarks'), ('/Attraction_Review-g297586-d636879-Reviews-Ramoji_Film_City-Hyderabad_Hyderabad_District_Telangana.html', 'Ramoji Film City', 'hydrabad', 'Sights and landmarks'), ('/Attraction_Review-g297586-d3138645-Reviews-ISKCON_Hyderabad_Sri_Sri_Radha_Madanmohan_Mandir-Hyderabad_Hyderabad_District_Tel.html', 'ISKCON Hyderabad Sri Sri Radha Madanmohan Mandir', 'hydrabad', 'Sights and landmarks'), ('/Attraction_Review-g297586-d1020670-Reviews-Chowmahalla_Palace-Hyderabad_Hyderabad_District_Telangana.html', 'Chowmahalla Palace', 'hydrabad', 'Sights and landmarks'), ('/Attraction_Review-g297586-d3346204-Reviews-KBR_National_Park-Hyderabad_Hyderabad_District_Telangana.html', 'KBR National Park', 'hydrabad', 'Sights and landmarks'), ('/Attraction_Review-g297586-d320673-Reviews-Golkonda_Fort-Hyderabad_Hyderabad_District_Telangana.html', 'Golkonda Fort', 'hydrabad', 'Sights and landmarks'), ('/Attraction_Review-g297586-d5773137-Reviews-Inorbit_Mall-Hyderabad_Hyderabad_District_Telangana.html', 'Inorbit Mall', 'hydrabad', 'Sights and landmarks'), ('/Attraction_Review-g297586-d6496303-Reviews-Buddha_Statue-Hyderabad_Hyderabad_District_Telangana.html', 'Buddha Statue', 'hydrabad', 'Sights and landmarks'), ('/Attraction_Review-g297586-d3705854-Reviews-Qutab_Shahi_Tombs-Hyderabad_Hyderabad_District_Telangana.html', 'Qutab Shahi Tombs', 'hydrabad', 'Sights and landmarks'), ('/Attraction_Review-g297586-d6104802-Reviews-GVK_One_Mall-Hyderabad_Hyderabad_District_Telangana.html', 'GVK One Mall', 'hydrabad', 'Sights and landmarks'), ('/Attraction_Review-g297586-d2686015-Reviews-Surendrapuri-Hyderabad_Hyderabad_District_Telangana.html', 'Surendrapuri', 'hydrabad', 'Sights and landmarks'), ('/Attraction_Review-g297586-d1200832-Reviews-Sudha_Cars_Museum-Hyderabad_Hyderabad_District_Telangana.html', 'Sudha Cars Museum', 'hydrabad', 'Sights and landmarks'), ('/Attraction_Review-g297586-d3705173-Reviews-Mecca_Masjid-Hyderabad_Hyderabad_District_Telangana.html', 'Mecca Masjid', 'hydrabad', 'Sights and landmarks'), ('/Attraction_Review-g1532344-d12159310-Reviews-Uran_Beach-Navi_Mumbai_Mumbai_Maharashtra.html', 'Uran Beach Navi Mumbai', 'mumbai', 'Beaches'), ('/Attraction_Review-g304554-d6500902-Reviews-Dana_Paani_Beach-Mumbai_Maharashtra.html', 'Dana Paani Beach', 'mumbai', 'Beaches'), ('/Attraction_Review-g304554-d4092571-Reviews-Versova_Beach-Mumbai_Maharashtra.html', 'Versova Beach', 'mumbai', 'Beaches'), ('/Attraction_Review-g304554-d6104640-Reviews-Erangal_Beach-Mumbai_Maharashtra.html', 'Erangal Beach', 'mumbai', 'Beaches'), ('/Attraction_Review-g304554-d10507597-Reviews-Raheja_Exocita_Mudh_Marve-Mumbai_Maharashtra.html', 'Raheja Exocita Mudh Marve', 'mumbai', 'Beaches'), ('/Attraction_Review-g297628-d1006969-Reviews-Bannerghatta_National_Park-Bengaluru_Bangalore_District_Karnataka.html', 'Bannerghatta National Park', 'bengaluru', 'Nature and parks'), ('/Attraction_Review-g297628-d3923658-Reviews-JP_Park-Bengaluru_Bangalore_District_Karnataka.html', 'JP Park', 'bengaluru', 'Nature and parks'), ('/Attraction_Review-g297628-d2508822-Reviews-Big_Banyan_Tree-Bengaluru_Bangalore_District_Karnataka.html', 'Big Banyan Tree', 'bengaluru', 'Nature and parks'), ('/Attraction_Review-g297628-d2587750-Reviews-Ulsoor_Lake-Bengaluru_Bangalore_District_Karnataka.html', 'Ulsoor Lake', 'bengaluru', 'Nature and parks'), ('/Attraction_Review-g297628-d4435747-Reviews-M_N_Krishna_Rao_Park-Bengaluru_Bangalore_District_Karnataka.html', 'M N Krishna Rao Park', 'bengaluru', 'Nature and parks'), ('/Attraction_Review-g297628-d4422046-Reviews-Hebbal_lake-Bengaluru_Bangalore_District_Karnataka.html', 'Hebbal lake', 'bengaluru', 'Nature and parks'), ('/Attraction_Review-g297628-d8489262-Reviews-Kokkarebellur-Bengaluru_Bangalore_District_Karnataka.html', 'Kokkarebellur', 'bengaluru', 'Nature and parks'), ('/Attraction_Review-g297628-d7311363-Reviews-Turahalli_Forest-Bengaluru_Bangalore_District_Karnataka.html', 'Turahalli Forest', 'bengaluru', 'Nature and parks'), ('/Attraction_Review-g297628-d8367328-Reviews-Funky_Monkeys_Play_Centers_1MG_Road_Mall-Bengaluru_Bangalore_District_Karnataka.html', 'Funky Monkeys Play Centers (1MG Road Mall)', 'bengaluru', 'Nature and parks'), ('/Attraction_Review-g297628-d7396371-Reviews-Madiwala_Lake-Bengaluru_Bangalore_District_Karnataka.html', 'Madiwala Lake', 'bengaluru', 'Nature and parks'), ('/Attraction_Review-g297628-d8803635-Reviews-Butterfly_Park-Bengaluru_Bangalore_District_Karnataka.html', 'Butterfly Park', 'bengaluru', 'Nature and parks'), ('/Attraction_Review-g297628-d11798389-Reviews-Ranadheera_Kanteerava_Park-Bengaluru_Bangalore_District_Karnataka.html', 'Ranadheera Kanteerava Park', 'bengaluru', 'Nature and parks'), ('/Attraction_Review-g297628-d2501062-Reviews-Sangama_at_Mecedatu-Bengaluru_Bangalore_District_Karnataka.html', 'Sangama at Mecedatu', 'bengaluru', 'Nature and parks'), ('/Attraction_Review-g297628-d8863654-Reviews-Chinnappanahalli_Lake_Park-Bengaluru_Bangalore_District_Karnataka.html', 'Chinnappanahalli Lake Park', 'bengaluru', 'Nature and parks'), ('/Attraction_Review-g297628-d10127154-Reviews-Thattekere_Lake-Bengaluru_Bangalore_District_Karnataka.html', 'Thattekere Lake', 'bengaluru', 'Nature and parks'), ('/Attraction_Review-g297628-d8870060-Reviews-Mahatma_Gandhi_Park-Bengaluru_Bangalore_District_Karnataka.html', 'Mahatma Gandhi Park', 'bengaluru', 'Nature and parks'), ('/Attraction_Review-g297628-d12870655-Reviews-Sir_M_Vishveshwaraiah_Park-Bengaluru_Bangalore_District_Karnataka.html', 'Sir. M. Vishveshwaraiah Park', 'bengaluru', 'Nature and parks'), ('/Attraction_Review-g297628-d13124527-Reviews-Hesaraghatta_Lake-Bengaluru_Bangalore_District_Karnataka.html', 'Hesaraghatta Lake', 'bengaluru', 'Nature and parks'), ('/Attraction_Review-g297628-d3913104-Reviews-Bangalore_Aquarium-Bengaluru_Bangalore_District_Karnataka.html', 'Bangalore Aquarium', 'bengaluru', 'Nature and parks'), ('/Attraction_Review-g297628-d8602460-Reviews-General_Cariappa_Memorial_Park-Bengaluru_Bangalore_District_Karnataka.html', 'General Cariappa Memorial Park', 'bengaluru', 'Nature and parks'), ('/Attraction_Review-g297628-d12763419-Reviews-Rajarathnam_Park-Bengaluru_Bangalore_District_Karnataka.html', 'Rajarathnam Park', 'bengaluru', 'Nature and parks'), ('/Attraction_Review-g297628-d8661140-Reviews-Biggest_Banyan_Tree-Bengaluru_Bangalore_District_Karnataka.html', 'Biggest Banyan Tree', 'bengaluru', 'Nature and parks'), ('/Attraction_Review-g297628-d2587763-Reviews-Karnataka_Chitrakala_Parishat-Bengaluru_Bangalore_District_Karnataka.html', 'Karnataka Chitrakala Parishat', 'bengaluru', 'Museums'), ('/Attraction_Review-g297628-d1492207-Reviews-The_Heritage_Centre_Aerospace_Museum-Bengaluru_Bangalore_District_Karnataka.html', 'The Heritage Centre & Aerospace Museum', 'bengaluru', 'Museums'), ('/Attraction_Review-g297628-d3633126-Reviews-Cauvery_Handicrafts-Bengaluru_Bangalore_District_Karnataka.html', 'Cauvery Handicrafts', 'bengaluru', 'Museums'), ('/Attraction_Review-g297628-d3218285-Reviews-Jawahar_Lal_Nehru_Planetarium-Bengaluru_Bangalore_District_Karnataka.html', 'Jawahar Lal Nehru Planetarium', 'bengaluru', 'Museums'), ('/Attraction_Review-g297628-d3671421-Reviews-National_Gallery_of_Modern_Art-Bengaluru_Bangalore_District_Karnataka.html', 'National Gallery of Modern Art', 'bengaluru', 'Museums'), ('/Attraction_Review-g297628-d325160-Reviews-Venkatappa_Art_Gallery_and_Government_Museum-Bengaluru_Bangalore_District_Karnatak.html', 'Venkatappa Art Gallery and Government Museum', 'bengaluru', 'Museums'), ('/Attraction_Review-g297628-d10056480-Reviews-Hindustan_Aeronautical_Limited-Bengaluru_Bangalore_District_Karnataka.html', 'Hindustan Aeronautical Limited', 'bengaluru', 'Museums'), ('/Attraction_Review-g297628-d6104712-Reviews-National_Military_Memorial-Bengaluru_Bangalore_District_Karnataka.html', 'National Military Memorial', 'bengaluru', 'Museums'), ('/Attraction_Review-g297628-d6496207-Reviews-Swasti_Contemporary_Art_Gallery-Bengaluru_Bangalore_District_Karnataka.html', 'Swasti Contemporary Art Gallery', 'bengaluru', 'Museums'), ('/Attraction_Review-g297628-d6496208-Reviews-Indian_Cartoon_Gallery-Bengaluru_Bangalore_District_Karnataka.html', 'Indian Cartoon Gallery', 'bengaluru', 'Museums'), ('/Attraction_Review-g297628-d3705107-Reviews-Ramnagaram_Museum-Bengaluru_Bangalore_District_Karnataka.html', 'Ramnagaram Museum', 'bengaluru', 'Museums'), ('/Attraction_Review-g297628-d12238343-Reviews-Brain_Museum-Bengaluru_Bangalore_District_Karnataka.html', 'Brain Museum', 'bengaluru', 'Museums'), ('/Attraction_Review-g297628-d10306896-Reviews-Mahua_Art_Gallery-Bengaluru_Bangalore_District_Karnataka.html', 'Mahua Art Gallery', 'bengaluru', 'Museums'), ('/Attraction_Review-g297628-d3569066-Reviews-Sri_Vani_Science_Park-Bengaluru_Bangalore_District_Karnataka.html', 'Sri Vani Science Park', 'bengaluru', 'Museums'), ('/Attraction_Review-g297628-d8678967-Reviews-Sublime_Galleria-Bengaluru_Bangalore_District_Karnataka.html', 'Sublime Galleria', 'bengaluru', 'Museums'), ('/Attraction_Review-g297628-d6496212-Reviews-Kashmir_Art_Gallery-Bengaluru_Bangalore_District_Karnataka.html', 'Kashmir Art Gallery', 'bengaluru', 'Museums'), ('/Attraction_Review-g297628-d9826826-Reviews-Ramaneeya_Museum-Bengaluru_Bangalore_District_Karnataka.html', 'Ramaneeya Museum', 'bengaluru', 'Museums'), ('/Attraction_Review-g297628-d6131080-Reviews-Legends_Art_Gallery-Bengaluru_Bangalore_District_Karnataka.html', 'Legends Art Gallery', 'bengaluru', 'Museums'), ('/Attraction_Review-g297628-d6496210-Reviews-Chandru_Art_Gallery-Bengaluru_Bangalore_District_Karnataka.html', 'Chandru Art Gallery', 'bengaluru', 'Museums'), ('/Attraction_Review-g297628-d10432469-Reviews-Tasveer-Bengaluru_Bangalore_District_Karnataka.html', 'Tasveer', 'bengaluru', 'Museums'), ('/Attraction_Review-g297628-d7122258-Reviews-Sohum_Spa-Bengaluru_Bangalore_District_Karnataka.html', 'Sohum Spa', 'bengaluru', 'spas and wellness'), ('/Attraction_Review-g297628-d5584569-Reviews-Le_Tranquille_Spa-Bengaluru_Bangalore_District_Karnataka.html', 'Le Tranquille Spa', 'bengaluru', 'spas and wellness'), ('/Attraction_Review-g297628-d2459907-Reviews-Aroma_Home_Spa-Bengaluru_Bangalore_District_Karnataka.html', 'Aroma Home Spa', 'bengaluru', 'spas and wellness'), ('/Attraction_Review-g297628-d2439627-Reviews-SPA_ce_the_Spa-Bengaluru_Bangalore_District_Karnataka.html', 'SPA.ce the Spa', 'bengaluru', 'spas and wellness'), ('/Attraction_Review-g297628-d7720683-Reviews-Spa_by_JW-Bengaluru_Bangalore_District_Karnataka.html', 'Spa by JW', 'bengaluru', 'spas and wellness'), ('/Attraction_Review-g297628-d4327871-Reviews-Shine_Spa_for_Sheraton-Bengaluru_Bangalore_District_Karnataka.html', 'Shine Spa for Sheraton', 'bengaluru', 'spas and wellness'), ('/Attraction_Review-g297628-d2323900-Reviews-The_Four_Fountains_Spa_Koramangala-Bengaluru_Bangalore_District_Karnataka.html', 'The Four Fountains Spa - Koramangala', 'bengaluru', 'spas and wellness'), ('/Attraction_Review-g297628-d10785500-Reviews-1000_Petals-Bengaluru_Bangalore_District_Karnataka.html', '1000 Petals', 'bengaluru', 'spas and wellness'), ('/Attraction_Review-g297628-d3854069-Reviews-Footworks_Foot_Reflexology_Cunningham_road-Bengaluru_Bangalore_District_Karnataka.html', 'Footworks Foot Reflexology - Cunningham road', 'bengaluru', 'spas and wellness'), ('/Attraction_Review-g297628-d6940391-Reviews-Body_Raaga_Wellness_Spa-Bengaluru_Bangalore_District_Karnataka.html', 'Body Raaga Wellness Spa', 'bengaluru', 'spas and wellness'), ('/Attraction_Review-g297628-d7815606-Reviews-Tattva_Spa-Bengaluru_Bangalore_District_Karnataka.html', 'Tattva Spa', 'bengaluru', 'spas and wellness'), ('/Attraction_Review-g297628-d13976709-Reviews-The_Palms_Spa-Bengaluru_Bangalore_District_Karnataka.html', 'The Palms Spa', 'bengaluru', 'spas and wellness'), ('/Attraction_Review-g297628-d8090383-Reviews-Sohum_Spa-Bengaluru_Bangalore_District_Karnataka.html', 'Sohum Spa', 'bengaluru', 'spas and wellness'), ('/Attraction_Review-g297628-d1643231-Reviews-Kenko_Fish_Spa-Bengaluru_Bangalore_District_Karnataka.html', 'Kenko Fish Spa', 'bengaluru', 'spas and wellness'), ('/Attraction_Review-g297628-d2323907-Reviews-The_Four_Fountains_Spa_Jayanagar-Bengaluru_Bangalore_District_Karnataka.html', 'The Four Fountains Spa - Jayanagar', 'bengaluru', 'spas and wellness'), ('/Attraction_Review-g297628-d5533819-Reviews-O2_Spa-Bengaluru_Bangalore_District_Karnataka.html', 'O2 Spa', 'bengaluru', 'spas and wellness'), ('/Attraction_Review-g297628-d6674459-Reviews-O2_Spa_at_Bangalore_Airport-Bengaluru_Bangalore_District_Karnataka.html', 'O2 Spa at Bangalore Airport', 'bengaluru', 'spas and wellness'), ('/Attraction_Review-g297628-d4757901-Reviews-Four_Fountains_De_stress_Spa_Bellandur-Bengaluru_Bangalore_District_Karnataka.html', 'Four Fountains De-stress Spa - Bellandur', 'bengaluru', 'spas and wellness'), ('/Attraction_Review-g297628-d11965658-Reviews-Zolal_Spa-Bengaluru_Bangalore_District_Karnataka.html', 'Zolal Spa', 'bengaluru', 'spas and wellness'), ('/Attraction_Review-g297628-d4059590-Reviews-Four_Fountains_Spa_Bannerghatta_Road-Bengaluru_Bangalore_District_Karnataka.html', 'Four Fountains Spa - Bannerghatta Road', 'bengaluru', 'spas and wellness'), ('/Attraction_Review-g297628-d4164671-Reviews-Angsana_Oasis_Spa_Resort_Bangalore-Bengaluru_Bangalore_District_Karnataka.html', 'Angsana Oasis Spa & Resort Bangalore', 'bengaluru', 'spas and wellness'), ('/Attraction_Review-g297628-d2277360-Reviews-Taman_Buddha-Bengaluru_Bangalore_District_Karnataka.html', 'Taman Buddha', 'bengaluru', 'spas and wellness'), ('/Attraction_Review-g297628-d6727377-Reviews-Four_Fountains_De_Stress_Spa_Indiranagar-Bengaluru_Bangalore_District_Karnataka.html', 'Four Fountains De-Stress Spa - Indiranagar', 'bengaluru', 'spas and wellness'), ('/Attraction_Review-g297628-d3605664-Reviews-Four_Fountains_De_Stress_Spa_Brookefields-Bengaluru_Bangalore_District_Karnataka.html', 'Four Fountains De-Stress Spa - Brookefields', 'bengaluru', 'spas and wellness'), ('/Attraction_Review-g297628-d5426725-Reviews-Four_Fountains_De_Stress_Spa_Sadashivanagar-Bengaluru_Bangalore_District_Karnatak.html', 'Four Fountains De-Stress Spa - Sadashivanagar', 'bengaluru', 'spas and wellness'), ('/Attraction_Review-g297628-d6725625-Reviews-O2_Spa-Bengaluru_Bangalore_District_Karnataka.html', 'O2 Spa', 'bengaluru', 'spas and wellness'), ('/Attraction_Review-g297628-d8134002-Reviews-Sohum_Spa-Bengaluru_Bangalore_District_Karnataka.html', 'Sohum Spa', 'bengaluru', 'spas and wellness'), ('/Attraction_Review-g297628-d6601407-Reviews-Sri_Sri_Ayurveda_Panchakarma-Bengaluru_Bangalore_District_Karnataka.html', 'Sri Sri Ayurveda Panchakarma', 'bengaluru', 'spas and wellness'), ('/Restaurant_Review-g297628-d13432454-Reviews-Double_Decker-Bengaluru_Bangalore_District_Karnataka.html', 'Double Decker', 'bengaluru', 'Bars and pubs'), ('/Restaurant_Review-g297628-d4055952-Reviews-Wood_Rose-Bengaluru_Bangalore_District_Karnataka.html', 'Wood Rose', 'bengaluru', 'Bars and pubs'), ('/Restaurant_Review-g297628-d5069071-Reviews-Fill_N_Chill_Resto_Bar_Pub-Bengaluru_Bangalore_District_Karnataka.html', 'Fill N Chill Resto Bar & Pub', 'bengaluru', 'Bars and pubs'), ('/Attraction_Review-g297628-d4138665-Reviews-Sankey_Tank-Bengaluru_Bangalore_District_Karnataka.html', 'Sankey Tank Bengaluru', 'bengaluru', 'Lakes and Rivers'), ('/Restaurant_Review-g297628-d7939041-Reviews-Scottish_Pub-Bengaluru_Bangalore_District_Karnataka.html', 'Scottish Pub', 'bengaluru', 'Bars and pubs'), ('/Attraction_Review-g297628-d2648901-Reviews-Gavi_Gangadhareshwara_Temple-Bengaluru_Bangalore_District_Karnataka.html', 'Gavi Gangadhareshwara Temple', 'bengaluru', 'Sights and landmarks'), ('/Restaurant_Review-g297628-d1111524-Reviews-NASA-Bengaluru_Bangalore_District_Karnataka.html', 'NASA', 'bengaluru', 'Bars and pubs'), ('/Attraction_Review-g297628-d6706034-Reviews-M_Chinnaswamy_Stadium-Bengaluru_Bangalore_District_Karnataka.html', 'M Chinnaswamy Stadium', 'bengaluru', 'Sights and landmarks'), ('/Attraction_Review-g297628-d3618849-Reviews-ISKCON_Bangalore_Sri_Sri_Lakshmi_Narasimha_Temple-Bengaluru_Bangalore_District_Ka.html', 'ISKCON Bangalore, Sri Sri Lakshmi Narasimha Temple', 'bengaluru', 'Sights and landmarks'), ('/Attraction_Review-g297628-d325162-Reviews-ISKCON_Temple_Bangalore-Bengaluru_Bangalore_District_Karnataka.html', 'ISKCON Temple Bangalore', 'bengaluru', 'Sights and landmarks'), ('/Restaurant_Review-g297628-d9602756-Reviews-Easy_Tiger-Bengaluru_Bangalore_District_Karnataka.html', 'Easy Tiger', 'bengaluru', 'Bars and pubs'), ('/Attraction_Review-g297628-d2074081-Reviews-Art_of_Living_International_Center-Bengaluru_Bangalore_District_Karnataka.html', 'Art of Living International Center', 'bengaluru', 'Sights and landmarks'), ('/Attraction_Review-g297628-d2734131-Reviews-Infant_Jesus_Shrine-Bengaluru_Bangalore_District_Karnataka.html', 'Infant Jesus Shrine', 'bengaluru', 'Sights and landmarks'), ('/Restaurant_Review-g297628-d8671440-Reviews-The_Local_Pub-Bengaluru_Bangalore_District_Karnataka.html', 'The Local Pub', 'bengaluru', 'Bars and pubs'), ('/Attraction_Review-g297628-d2665165-Reviews-Surayanarayana_Temple-Bengaluru_Bangalore_District_Karnataka.html', 'Surayanarayana Temple', 'bengaluru', 'Sights and landmarks'), ('/Attraction_Review-g297628-d4401144-Reviews-Ragigudda_Sri_Prasanna_Anjaneyaswamy_Temple-Bengaluru_Bangalore_District_Karnatak.html', 'Ragigudda Sri Prasanna Anjaneyaswamy Temple', 'bengaluru', 'Sights and landmarks'), ('/Attraction_Review-g297629-d10357981-Reviews-Galikere_Lake-Chikmagalur_Chikkamagaluru_District_Karnataka.html', 'Galikere Lake Chikmagalur', 'bengaluru', 'Lakes and Rivers'), ('/Restaurant_Review-g297628-d13432427-Reviews-After_Dark-Bengaluru_Bangalore_District_Karnataka.html', 'After Dark', 'bengaluru', 'Bars and pubs'), ('/Attraction_Review-g2078495-d4138564-Reviews-Tannur_Lake-Mandya_Mandya_District_Karnataka.html', 'Tannur Lake Mandya', 'bengaluru', 'Lakes and Rivers'), ('/Attraction_Review-g297628-d7728876-Reviews-Kaikondrahalli_Lake-Bengaluru_Bangalore_District_Karnataka.html', 'Kaikondrahalli Lake Bengaluru', 'bengaluru', 'Lakes and Rivers'), ('/Attraction_Review-g297629-d4931629-Reviews-Hirekolale_Lake-Chikmagalur_Chikkamagaluru_District_Karnataka.html', 'Hirekolale Lake Chikmagalur', 'bengaluru', 'Lakes and Rivers'), ('/Attraction_Review-g737163-d7178893-Reviews-Manipal_Lake-Manipal_Udupi_District_Karnataka.html', 'Manipal Lake Manipal', 'bengaluru', 'Lakes and Rivers'), ('/Attraction_Review-g2078495-d1223612-Reviews-Thonnur_Lake-Mandya_Mandya_District_Karnataka.html', 'Thonnur Lake Mandya', 'bengaluru', 'Lakes and Rivers'), ('/Attraction_Review-g297628-d2587750-Reviews-Ulsoor_Lake-Bengaluru_Bangalore_District_Karnataka.html', 'Ulsoor Lake Bengaluru', 'bengaluru', 'Lakes and Rivers'), ('/Attraction_Review-g2288648-d4138669-Reviews-Antara_Gange-Kolar_Kolar_District_Karnataka.html', 'Antara Gange Kolar', 'bengaluru', 'Lakes and Rivers'), ('/Attraction_Review-g297628-d4422046-Reviews-Hebbal_lake-Bengaluru_Bangalore_District_Karnataka.html', 'Hebbal lake Bengaluru', 'bengaluru', 'Lakes and Rivers'), ('/Attraction_Review-g297628-d7396371-Reviews-Madiwala_Lake-Bengaluru_Bangalore_District_Karnataka.html', 'Madiwala Lake Bengaluru', 'bengaluru', 'Lakes and Rivers'), ('/Attraction_Review-g503697-d7964044-Reviews-Harangi_Backwaters-Kodagu_Coorg_Karnataka.html', 'Harangi Backwaters Coorg', 'bengaluru', 'Lakes and Rivers'), ('/Attraction_Review-g503697-d3203896-Reviews-Honnamana_Kere_Lake-Kodagu_Coorg_Karnataka.html', 'Honnamana Kere Lake Coorg', 'bengaluru', 'Lakes and Rivers'), ('/Attraction_Review-g297628-d2501062-Reviews-Sangama_at_Mecedatu-Bengaluru_Bangalore_District_Karnataka.html', 'Sangama at Mecedatu Bengaluru', 'bengaluru', 'Lakes and Rivers'), ('/Attraction_Review-g297629-d7762205-Reviews-Ayyana_Kere-Chikmagalur_Chikkamagaluru_District_Karnataka.html', 'Ayyana Kere Chikmagalur', 'bengaluru', 'Lakes and Rivers'), ('/Attraction_Review-g2294723-d4019714-Reviews-Gudnapur_Lake-Sirsi_Uttar_Kannada_District_Karnataka.html', 'Gudnapur Lake Sirsi', 'bengaluru', 'Lakes and Rivers'), ('/Attraction_Review-g297628-d2587768-Reviews-Malleswaram-Bengaluru_Bangalore_District_Karnataka.html', 'Malleswaram', 'bengaluru', 'Sights and landmarks'), ('/Attraction_Review-g297628-d2587646-Reviews-Vidhana_Soudha_and_Attara_Kacheri-Bengaluru_Bangalore_District_Karnataka.html', 'Vidhana Soudha and Attara Kacheri', 'bengaluru', 'Sights and landmarks'), ('/Attraction_Review-g297628-d8124216-Reviews-Commercial_Street-Bengaluru_Bangalore_District_Karnataka.html', 'Commercial Street', 'bengaluru', 'Sights and landmarks'), ('/Attraction_Review-g297628-d325159-Reviews-Bull_Temple-Bengaluru_Bangalore_District_Karnataka.html', 'Bull Temple', 'bengaluru', 'Sights and landmarks'), ('/Attraction_Review-g297628-d1221020-Reviews-Pyramid_Valley_International-Bengaluru_Bangalore_District_Karnataka.html', 'Pyramid Valley International', 'bengaluru', 'Sights and landmarks'), ('/Attraction_Review-g297628-d631365-Reviews-Mahatma_Gandhi_MG_Road-Bengaluru_Bangalore_District_Karnataka.html', 'Mahatma Gandhi (MG) Road', 'bengaluru', 'Sights and landmarks'), ('/Attraction_Review-g297628-d4139102-Reviews-Ghati_Subramanya_Temple-Bengaluru_Bangalore_District_Karnataka.html', 'Ghati Subramanya Temple', 'bengaluru', 'Sights and landmarks'), ('/Attraction_Review-g297628-d6628620-Reviews-Chikka_Tirupati_Temple-Bengaluru_Bangalore_District_Karnataka.html', 'Chikka Tirupati Temple', 'bengaluru', 'Sights and landmarks'), ('/Attraction_Review-g297628-d4090208-Reviews-Dwadasha_Jyotirlinga-Bengaluru_Bangalore_District_Karnataka.html', 'Dwadasha Jyotirlinga', 'bengaluru', 'Sights and landmarks'), ('/Attraction_Review-g297628-d4401037-Reviews-Karnataka_High_Court-Bengaluru_Bangalore_District_Karnataka.html', 'Karnataka High Court', 'bengaluru', 'Sights and landmarks'), ('/Attraction_Review-g297628-d2076436-Reviews-Indira_Gandhi_Musical_Fountain-Bengaluru_Bangalore_District_Karnataka.html', 'Indira Gandhi Musical Fountain', 'bengaluru', 'Sights and landmarks'), ('/Attraction_Review-g297628-d631366-Reviews-Tipu_Sultan_Fort_and_Palace_Bangalore_KR_Market-Bengaluru_Bangalore_District_Karna.html', 'Tipu Sultan Fort and Palace - Bangalore KR Market', 'bengaluru', 'Sights and landmarks'), ('/Attraction_Review-g297628-d7174939-Reviews-Parshwanath_Sushil_Dham-Bengaluru_Bangalore_District_Karnataka.html', 'Parshwanath Sushil Dham', 'bengaluru', 'Sights and landmarks'), ('/Attraction_Review-g297628-d6596405-Reviews-Shanmukha_Temple-Bengaluru_Bangalore_District_Karnataka.html', 'Shanmukha Temple', 'bengaluru', 'Sights and landmarks'), ('/Attraction_Review-g297628-d2069428-Reviews-Bangalore_Palace-Bengaluru_Bangalore_District_Karnataka.html', 'Bangalore Palace', 'bengaluru', 'Sights and landmarks'), ('/Attraction_Review-g297628-d1219275-Reviews-Shivoham_Shiva_Temple-Bengaluru_Bangalore_District_Karnataka.html', 'Shivoham Shiva Temple', 'bengaluru', 'Sights and landmarks'), ('/Attraction_Review-g297628-d7116295-Reviews-Unventured_Expeditions-Bengaluru_Bangalore_District_Karnataka.html', 'Unventured Expeditions', 'bengaluru', 'outdoor activities'), ('/Attraction_Review-g297628-d11832836-Reviews-Bangalore_Running_and_Walking_Tours-Bengaluru_Bangalore_District_Karnataka.html', 'Bangalore Running and Walking Tours', 'bengaluru', 'outdoor activities'), ('/Attraction_Review-g297628-d4994220-Reviews-Bangalore_Mountaineering_Club-Bengaluru_Bangalore_District_Karnataka.html', 'Bangalore Mountaineering Club', 'bengaluru', 'outdoor activities'), ('/Attraction_Review-g297628-d2151279-Reviews-Art_of_Bicycle_Trips-Bengaluru_Bangalore_District_Karnataka.html', 'Art of Bicycle Trips', 'bengaluru', 'outdoor activities'), ('/Attraction_Review-g297628-d5996830-Reviews-Dirt_Mania_Outdoor_Adventures-Bengaluru_Bangalore_District_Karnataka.html', 'Dirt Mania Outdoor Adventures', 'bengaluru', 'outdoor activities'), ('/Attraction_Review-g297628-d10375390-Reviews-Rustik_Travel-Bengaluru_Bangalore_District_Karnataka.html', 'Rustik Travel', 'bengaluru', 'outdoor activities'), ('/Attraction_Review-g297628-d12373616-Reviews-Plan_The_Unplanned-Bengaluru_Bangalore_District_Karnataka.html', 'Plan The Unplanned', 'bengaluru', 'outdoor activities'), ('/Attraction_Review-g297628-d11657879-Reviews-On_a_Pedal-Bengaluru_Bangalore_District_Karnataka.html', 'On a Pedal', 'bengaluru', 'outdoor activities'), ('/Attraction_Review-g297628-d11512728-Reviews-Mystic_Wild-Bengaluru_Bangalore_District_Karnataka.html', 'Mystic Wild', 'bengaluru', 'outdoor activities'), ('/Attraction_Review-g297628-d5782153-Reviews-Bangalore_Golf_Club-Bengaluru_Bangalore_District_Karnataka.html', 'Bangalore Golf Club', 'bengaluru', 'outdoor activities'), ('/Attraction_Review-g297628-d5788460-Reviews-Prestige_Golfshire_Club-Bengaluru_Bangalore_District_Karnataka.html', 'Prestige Golfshire Club', 'bengaluru', 'outdoor activities'), ('/Attraction_Review-g297628-d13414358-Reviews-Infinite_Escapes-Bengaluru_Bangalore_District_Karnataka.html', 'Infinite Escapes', 'bengaluru', 'outdoor activities'), ('/Attraction_Review-g297628-d11626574-Reviews-Wandertrails-Bengaluru_Bangalore_District_Karnataka.html', 'Wandertrails', 'bengaluru', 'outdoor activities'), ('/Attraction_Review-g297628-d10643374-Reviews-Vikings_Aerosports-Bengaluru_Bangalore_District_Karnataka.html', 'Vikings Aerosports', 'bengaluru', 'outdoor activities'), ('/Attraction_Review-g297628-d12644791-Reviews-Xenia_Cities-Bengaluru_Bangalore_District_Karnataka.html', 'Xenia Cities', 'bengaluru', 'outdoor activities'), ('/Attraction_Review-g297628-d4266223-Reviews-Rangoli_Metro_Art_Center-Bengaluru_Bangalore_District_Karnataka.html', 'Rangoli Metro Art Center', 'bengaluru', 'outdoor activities'), ('/Attraction_Review-g297628-d13358510-Reviews-Wheelstreet-Bengaluru_Bangalore_District_Karnataka.html', 'Wheelstreet', 'bengaluru', 'outdoor activities'), ('/Attraction_Review-g297628-d7218097-Reviews-Get_Beyond_Limits-Bengaluru_Bangalore_District_Karnataka.html', 'Get Beyond Limits', 'bengaluru', 'outdoor activities'), ('/Attraction_Review-g297628-d10716648-Reviews-Bangalore_Horse_Riding_School-Bengaluru_Bangalore_District_Karnataka.html', 'Bangalore Horse Riding School', 'bengaluru', 'outdoor activities'), ('/Attraction_Review-g297628-d8761849-Reviews-Wicked_Ride-Bengaluru_Bangalore_District_Karnataka.html', 'Wicked Ride', 'bengaluru', 'outdoor activities'), ('/Attraction_Review-g297628-d12050258-Reviews-Goodwave_Adventures-Bengaluru_Bangalore_District_Karnataka.html', 'Goodwave Adventures', 'bengaluru', 'outdoor activities'), ('/Attraction_Review-g297628-d4241690-Reviews-Urban_Climbers_Artificial_Rock_wall-Bengaluru_Bangalore_District_Karnataka.html', 'Urban Climbers - Artificial Rock wall', 'bengaluru', 'outdoor activities'), ('/Attraction_Review-g297628-d12708801-Reviews-Poppins_Holidays-Bengaluru_Bangalore_District_Karnataka.html', 'Poppins Holidays', 'bengaluru', 'outdoor activities'), ('/Attraction_Review-g297628-d6474664-Reviews-Icycle_in_One_Day_Rides-Bengaluru_Bangalore_District_Karnataka.html', 'Icycle.in - One Day Rides', 'bengaluru', 'outdoor activities'), ('/Attraction_Review-g297628-d8659089-Reviews-Riddle_Room-Bengaluru_Bangalore_District_Karnataka.html', 'Riddle Room', 'bengaluru', 'Fun and games'), ('/Attraction_Review-g297628-d3378322-Reviews-Flight_4_Fantasy-Bengaluru_Bangalore_District_Karnataka.html', 'Flight 4 Fantasy', 'bengaluru', 'Fun and games'), ('/Attraction_Review-g297628-d4300954-Reviews-Lazer_Castle-Bengaluru_Bangalore_District_Karnataka.html', 'Lazer Castle', 'bengaluru', 'Fun and games'), ('/Attraction_Review-g297628-d5894177-Reviews-PLaY_Arena-Bengaluru_Bangalore_District_Karnataka.html', 'PLaY Arena', 'bengaluru', 'Fun and games'), ('/Attraction_Review-g297628-d7998308-Reviews-Escape_Room-Bengaluru_Bangalore_District_Karnataka.html', 'Escape Room', 'bengaluru', 'Fun and games'), ('/Attraction_Review-g297628-d3831145-Reviews-Blu_O_Rhythm_Bowl-Bengaluru_Bangalore_District_Karnataka.html', 'Blu-O Rhythm & Bowl', 'bengaluru', 'Fun and games'), ('/Attraction_Review-g297628-d12118905-Reviews-Lotus_Vibe-Bengaluru_Bangalore_District_Karnataka.html', 'Lotus Vibe', 'bengaluru', 'Shopping'), ('/Attraction_Review-g297628-d8816992-Reviews-Red_Riders_Sports-Bengaluru_Bangalore_District_Karnataka.html', 'Red Riders Sports', 'bengaluru', 'Fun and games'), ('/Attraction_Review-g297628-d4371657-Reviews-Inorbit_Mall-Bengaluru_Bangalore_District_Karnataka.html', 'Inorbit Mall', 'bengaluru', 'Shopping'), ('/Attraction_Review-g297628-d1594895-Reviews-The_Forum_Koramangala_Mall-Bengaluru_Bangalore_District_Karnataka.html', 'The Forum Koramangala Mall', 'bengaluru', 'Shopping'), ('/Attraction_Review-g297628-d2587596-Reviews-KR_Market-Bengaluru_Bangalore_District_Karnataka.html', 'KR Market', 'bengaluru', 'Shopping'), ('/Attraction_Review-g297628-d8367328-Reviews-Funky_Monkeys_Play_Centers_1MG_Road_Mall-Bengaluru_Bangalore_District_Karnataka.html', 'Funky Monkeys Play Centers (1MG Road Mall)', 'bengaluru', 'Fun and games'), ('/Attraction_Review-g297628-d12064081-Reviews-VR_Room-Bengaluru_Bangalore_District_Karnataka.html', 'VR Room', 'bengaluru', 'Fun and games'), ('/Attraction_Review-g297628-d12433855-Reviews-Dare_2_Escape-Bengaluru_Bangalore_District_Karnataka.html', 'Dare 2 Escape', 'bengaluru', 'Fun and games'), ('/Attraction_Review-g297628-d3633126-Reviews-Cauvery_Handicrafts-Bengaluru_Bangalore_District_Karnataka.html', 'Cauvery Handicrafts', 'bengaluru', 'Shopping'), ('/Attraction_Review-g297628-d631369-Reviews-Bangalore_Turf_Club_Race_Course-Bengaluru_Bangalore_District_Karnataka.html', 'Bangalore Turf Club Race Course', 'bengaluru', 'Fun and games'), ('/Attraction_Review-g297628-d3840218-Reviews-Orion_Mall-Bengaluru_Bangalore_District_Karnataka.html', 'Orion Mall', 'bengaluru', 'Shopping'), ('/Attraction_Review-g297628-d8124216-Reviews-Commercial_Street-Bengaluru_Bangalore_District_Karnataka.html', 'Commercial Street', 'bengaluru', 'Shopping'), ('/Attraction_Review-g297628-d7976105-Reviews-Breakout_Escape_Games-Bengaluru_Bangalore_District_Karnataka.html', 'Breakout - Escape Games', 'bengaluru', 'Fun and games'), ('/Attraction_Review-g297628-d12098424-Reviews-Mystery_Rooms-Bengaluru_Bangalore_District_Karnataka.html', 'Mystery Rooms', 'bengaluru', 'Fun and games'), ('/Attraction_Review-g297628-d4401105-Reviews-Urvashi_Cinema-Bengaluru_Bangalore_District_Karnataka.html', 'Urvashi Cinema', 'bengaluru', 'Fun and games'), ('/Attraction_Review-g297628-d7998308-Reviews-Escape_Room-Bengaluru_Bangalore_District_Karnataka.html', 'Escape Room', 'bengaluru', 'Fun and games'), ('/Attraction_Review-g297628-d10091799-Reviews-Smaaash-Bengaluru_Bangalore_District_Karnataka.html', 'Smaaash', 'bengaluru', 'Fun and games'), ('/Attraction_Review-g297628-d3202909-Reviews-Fun_World_Water_World-Bengaluru_Bangalore_District_Karnataka.html', 'Fun World & Water World', 'bengaluru', 'Fun and games'), ('/Attraction_Review-g297628-d8754779-Reviews-PVR_Koramangla_Gold_Cinemas-Bengaluru_Bangalore_District_Karnataka.html', 'PVR Koramangla - Gold Cinemas', 'bengaluru', 'Fun and games'), ('/Attraction_Review-g297628-d12572416-Reviews-Mystery_Junkies-Bengaluru_Bangalore_District_Karnataka.html', 'Mystery Junkies', 'bengaluru', 'Fun and games'), ('/Attraction_Review-g297628-d12064081-Reviews-VR_Room-Bengaluru_Bangalore_District_Karnataka.html', 'VR Room', 'bengaluru', 'Fun and games'), ('/Attraction_Review-g297628-d9709562-Reviews-PVR_IMAX-Bengaluru_Bangalore_District_Karnataka.html', 'PVR IMAX', 'bengaluru', 'Fun and games'), ('/Attraction_Review-g297628-d7688467-Reviews-The_Big_Barn_Farm-Bengaluru_Bangalore_District_Karnataka.html', 'The Big Barn Farm', 'bengaluru', 'Fun and games'), ('/Attraction_Review-g297628-d9786128-Reviews-Cinepolis_Bengaluru_Binny_Mills-Bengaluru_Bangalore_District_Karnataka.html', 'Cinepolis Bengaluru (Binny Mills)', 'bengaluru', 'Fun and games'), ('/Attraction_Review-g297628-d10383174-Reviews-Blossom_Book_House-Bengaluru_Bangalore_District_Karnataka.html', 'Blossom Book House', 'bengaluru', 'Shopping'), ('/Attraction_Review-g297628-d6104789-Reviews-Gopalan_Arcade_Mall-Bengaluru_Bangalore_District_Karnataka.html', 'Gopalan Arcade Mall', 'bengaluru', 'Shopping'), ('/Attraction_Review-g297628-d10117267-Reviews-VR_Bengaluru-Bengaluru_Bangalore_District_Karnataka.html', 'VR Bengaluru', 'bengaluru', 'Shopping'), ('/Attraction_Review-g297628-d7352278-Reviews-Varnam_Store-Bengaluru_Bangalore_District_Karnataka.html', 'Varnam Store', 'bengaluru', 'Shopping'), ('/Attraction_Review-g297628-d9820328-Reviews-Bangalore_Central_Mall-Bengaluru_Bangalore_District_Karnataka.html', 'Bangalore Central Mall', 'bengaluru', 'Shopping'), ('/Attraction_Review-g297628-d5782152-Reviews-Forum_Neighbourhood_Mall-Bengaluru_Bangalore_District_Karnataka.html', 'Forum Neighbourhood Mall', 'bengaluru', 'Shopping'), ('/Attraction_Review-g297628-d4401019-Reviews-Gandhi_Bazaar-Bengaluru_Bangalore_District_Karnataka.html', 'Gandhi Bazaar', 'bengaluru', 'Shopping'), ('/Attraction_Review-g297628-d6104783-Reviews-Gopalan_Signature_Mall-Bengaluru_Bangalore_District_Karnataka.html', 'Gopalan Signature Mall', 'bengaluru', 'Shopping'), ('/Attraction_Review-g297628-d10492181-Reviews-Jayanagar_4th_Block_Shopping_Complex-Bengaluru_Bangalore_District_Karnataka.html', 'Jayanagar 4th Block Shopping Complex', 'bengaluru', 'Shopping'), ('/Attraction_Review-g297628-d10757366-Reviews-Orion_East-Bengaluru_Bangalore_District_Karnataka.html', 'Orion East', 'bengaluru', 'Shopping'), ('/Attraction_Review-g297628-d10171032-Reviews-Elements_Mall-Bengaluru_Bangalore_District_Karnataka.html', 'Elements Mall', 'bengaluru', 'Shopping'), ('/Attraction_Review-g297628-d2665165-Reviews-Surayanarayana_Temple-Bengaluru_Bangalore_District_Karnataka.html', 'Surayanarayana Temple', 'bengaluru', 'Sightseeing'), ('/Attraction_Review-g297628-d2074081-Reviews-Art_of_Living_International_Center-Bengaluru_Bangalore_District_Karnataka.html', 'Art of Living International Center', 'bengaluru', 'Sightseeing'), ('/Attraction_Review-g297628-d1603947-Reviews-Wonderla_Amusement_Park-Bengaluru_Bangalore_District_Karnataka.html', 'Wonderla Amusement Park', 'bengaluru', 'Sightseeing'), ('/Attraction_Review-g297628-d325162-Reviews-ISKCON_Temple_Bangalore-Bengaluru_Bangalore_District_Karnataka.html', 'ISKCON Temple Bangalore', 'bengaluru', 'Sightseeing'), ('/Attraction_Review-g297628-d2587719-Reviews-Visvesvaraya_Industrial_and_Technological_Museum-Bengaluru_Bangalore_District_Kar.html', 'Visvesvaraya Industrial and Technological Museum', 'bengaluru', 'Sightseeing'), ('/Attraction_Review-g297628-d2648901-Reviews-Gavi_Gangadhareshwara_Temple-Bengaluru_Bangalore_District_Karnataka.html', 'Gavi Gangadhareshwara Temple', 'bengaluru', 'Sightseeing'), ('/Attraction_Review-g297628-d3187417-Reviews-Dodda_Ganapathi_Temple-Bengaluru_Bangalore_District_Karnataka.html', 'Dodda Ganapathi Temple', 'bengaluru', 'Sightseeing'), ('/Attraction_Review-g297628-d7728876-Reviews-Kaikondrahalli_Lake-Bengaluru_Bangalore_District_Karnataka.html', 'Kaikondrahalli Lake', 'bengaluru', 'Sightseeing'), ('/Attraction_Review-g297628-d2587592-Reviews-Basavanagudi-Bengaluru_Bangalore_District_Karnataka.html', 'Basavanagudi', 'bengaluru', 'Sightseeing'), ('/Attraction_Review-g816969-d1751637-Reviews-Agonda_Beach-Agonda_South_Goa_District_Goa.html', 'Agonda Beach Agonda', 'goa', 'Nature and parks'), ('/Attraction_Review-g297628-d3807223-Reviews-UB_City-Bengaluru_Bangalore_District_Karnataka.html', 'UB City', 'bengaluru', 'Sightseeing'), ('/Attraction_Review-g297628-d2587768-Reviews-Malleswaram-Bengaluru_Bangalore_District_Karnataka.html', 'Malleswaram', 'bengaluru', 'Sightseeing'), ('/Attraction_Review-g297628-d2587646-Reviews-Vidhana_Soudha_and_Attara_Kacheri-Bengaluru_Bangalore_District_Karnataka.html', 'Vidhana Soudha and Attara Kacheri', 'bengaluru', 'Sightseeing'), ('/Attraction_Review-g297628-d2587630-Reviews-Cubbon_Park-Bengaluru_Bangalore_District_Karnataka.html', 'Cubbon Park', 'bengaluru', 'Sightseeing'), ('/Attraction_Review-g297628-d5782158-Reviews-Mantri_Square-Bengaluru_Bangalore_District_Karnataka.html', 'Mantri Square', 'bengaluru', 'Sightseeing'), ('/Attraction_Review-g297628-d8124216-Reviews-Commercial_Street-Bengaluru_Bangalore_District_Karnataka.html', 'Commercial Street', 'bengaluru', 'Sightseeing'), ('/Attraction_Review-g297628-d325159-Reviews-Bull_Temple-Bengaluru_Bangalore_District_Karnataka.html', 'Bull Temple', 'bengaluru', 'Sightseeing'), ('/Attraction_Review-g1010240-d1723866-Reviews-Mandrem_Beach-Mandrem_North_Goa_District_Goa.html', 'Mandrem Beach Mandrem', 'goa', 'Nature and parks'), ('/Attraction_Review-g2307943-d3735595-Reviews-Keri_Beach_Querim_Beach-Arambol_North_Goa_District_Goa.html', 'Keri Beach (Querim Beach) Arambol', 'goa', 'Nature and parks'), ('/Attraction_Review-g297606-d3705855-Reviews-Mobor_Beach-Salcette_South_Goa_District_Goa.html', 'Mobor Beach Salcette', 'goa', 'Nature and parks'), ('/Attraction_Review-g775971-d1751661-Reviews-Cavelossim_Beach-Cavelossim_South_Goa_District_Goa.html', 'Cavelossim Beach Cavelossim', 'goa', 'Nature and parks'), ('/Attraction_Review-g297606-d13224623-Reviews-Arossim_Beach-Salcette_South_Goa_District_Goa.html', 'Arossim Beach Salcette', 'goa', 'Nature and parks'), ('/Attraction_Review-g1204863-d1063236-Reviews-Utorda_Beach-Utorda_South_Goa_District_Goa.html', 'Utorda Beach Utorda', 'goa', 'Nature and parks'), ('/Attraction_Review-g816969-d4138937-Reviews-Galgibaga_Beach-Agonda_South_Goa_District_Goa.html', 'Galgibaga Beach Agonda', 'goa', 'Nature and parks'), ('/Attraction_Review-g306996-d1961535-Reviews-Cola_Beach-Canacona_South_Goa_District_Goa.html', 'Cola Beach Canacona', 'goa', 'Nature and parks'), ('/Attraction_Review-g303877-d2721491-Reviews-Ashwem_Beach-Panjim_North_Goa_District_Goa.html', 'Ashwem Beach Panjim', 'goa', 'Nature and parks'), ('/Attraction_Review-g1199433-d2463201-Reviews-Majorda_Beach-Majorda_South_Goa_District_Goa.html', 'Majorda Beach Majorda', 'goa', 'Nature and parks'), ('/Attraction_Review-g306996-d482982-Reviews-Palolem_Beach-Canacona_South_Goa_District_Goa.html', 'Palolem Beach Canacona', 'goa', 'Nature and parks'), ('/Attraction_Review-g306994-d2523894-Reviews-Benaulim_Beach-Benaulim_Salcette_South_Goa_District_Goa.html', 'Benaulim Beach Benaulim', 'goa', 'Nature and parks'), ('/Attraction_Review-g312681-d1751660-Reviews-Cansaulim_Beach-Cansaulim_South_Goa_District_Goa.html', 'Cansaulim Beach Cansaulim', 'goa', 'Nature and parks'), ('/Attraction_Review-g306994-d2697308-Reviews-Betalbatim_Beach-Benaulim_Salcette_South_Goa_District_Goa.html', 'Betalbatim Beach Benaulim', 'goa', 'Nature and parks'), ('/Attraction_Review-g2307943-d482978-Reviews-Arambol_Beach-Arambol_North_Goa_District_Goa.html', 'Arambol Beach Arambol', 'goa', 'Nature and parks'), ('/Attraction_Review-g1833171-d3187540-Reviews-Dudhsagar_Falls-Mollem_National_Park_South_Goa_District_Goa.html', 'Dudhsagar Falls Mollem National Park', 'goa', 'Nature and parks'), ('/Attraction_Review-g1936425-d1230998-Reviews-Morjim_Beach-Morjim_North_Goa_District_Goa.html', 'Morjim Beach Morjim', 'goa', 'Nature and parks'), ('/Attraction_Review-g303877-d3731045-Reviews-Patnem_Colomb_Beach-Panjim_North_Goa_District_Goa.html', 'Patnem-Colomb Beach Panjim', 'goa', 'Nature and parks'), ('/Attraction_Review-g1165042-d3879393-Reviews-Sinquerim_Beach-Sinquerim_North_Goa_District_Goa.html', 'Sinquerim Beach Sinquerim', 'goa', 'Nature and parks'), ('/Attraction_Review-g306996-d3928179-Reviews-Galjibaga_Beach-Canacona_South_Goa_District_Goa.html', 'Galjibaga Beach Canacona', 'goa', 'Nature and parks'), ('/Attraction_Review-g1064392-d2306590-Reviews-Colva_Beach-Colva_South_Goa_District_Goa.html', 'Colva Beach Colva', 'goa', 'Nature and parks'), ('/Attraction_Review-g2334950-d2721507-Reviews-Butterfly_Beach-Palolem_Canacona_South_Goa_District_Goa.html', 'Butterfly Beach Palolem', 'goa', 'Nature and parks'), ('/Attraction_Review-g1204880-d3140391-Reviews-Bogmalo_Beach-Vasco_da_Gama_South_Goa_District_Goa.html', 'Bogmalo Beach Vasco da Gama', 'goa', 'Nature and parks'), ('/Attraction_Review-g635747-d2697362-Reviews-Baga_Beach-Baga_North_Goa_District_Goa.html', 'Baga Beach Baga', 'goa', 'Nature and parks'), ('/Restaurant_Review-g297654-d4345567-Reviews-Mmyra_Lounge-Pune_Pune_District_Maharashtra.html', 'Mmyra Lounge', 'pune', 'Bars and pubs'), ('/Restaurant_Review-g297654-d3526605-Reviews-Cafe_Toons-Pune_Pune_District_Maharashtra.html', 'Cafe Toons', 'pune', 'Bars and pubs'), ('/Attraction_Review-g45963-d12220113-Reviews-Bond-Las_Vegas_Nevada.html', 'Bond', 'las vegas', 'Bars and pubs'), ('/Attraction_Review-g45963-d1985344-Reviews-Hogs_N_Heifers_Saloon-Las_Vegas_Nevada.html', 'Hogs N Heifers Saloon', 'las vegas', 'Bars and pubs'), ('/Attraction_Review-g45963-d8855516-Reviews-Tenaya_Creek_Brewery-Las_Vegas_Nevada.html', 'Tenaya Creek Brewery', 'las vegas', 'Bars and pubs'), ('/Attraction_Review-g45963-d553099-Reviews-VooDoo_Lounge-Las_Vegas_Nevada.html', 'VooDoo Lounge', 'las vegas', 'Bars and pubs'), ('/Attraction_Review-g45963-d2461175-Reviews-Rhumbar-Las_Vegas_Nevada.html', 'Rhumbar', 'las vegas', 'Bars and pubs'), ('/Attraction_Review-g45963-d4061343-Reviews-The_Joint_at_Hard_Rock-Las_Vegas_Nevada.html', 'The Joint at Hard Rock', 'las vegas', 'Bars and pubs'), ('/Attraction_Review-g45963-d553422-Reviews-Double_Down_Saloon-Las_Vegas_Nevada.html', 'Double Down Saloon', 'las vegas', 'Bars and pubs'), ('/Attraction_Review-g45963-d2507334-Reviews-Hyde_Bellagio-Las_Vegas_Nevada.html', 'Hyde Bellagio', 'las vegas', 'Bars and pubs'), ('/Attraction_Review-g45963-d2299585-Reviews-Marquee_Nightclub_Dayclub_at_The_Cosmopolitan_of_Las_Vegas-Las_Vegas_Nevada.html', 'Marquee Nightclub & Dayclub at The Cosmopolitan of Las Vegas', 'las vegas', 'Bars and pubs'), ('/Attraction_Review-g45963-d7029480-Reviews-Tap_Sports_Bar_at_MGM_Grand_Las_Vegas-Las_Vegas_Nevada.html', 'Tap Sports Bar at MGM Grand Las Vegas', 'las vegas', 'Bars and pubs'), ('/Attraction_Review-g45963-d553157-Reviews-Bar_at_Times_Square-Las_Vegas_Nevada.html', 'Bar at Times Square', 'las vegas', 'Bars and pubs'), ('/Attraction_Review-g45963-d3139249-Reviews-Encore_Beach_Club-Las_Vegas_Nevada.html', 'Encore Beach Club', 'las vegas', 'Bars and pubs'), ('/Attraction_Review-g45963-d639073-Reviews-Casa_Fuente-Las_Vegas_Nevada.html', 'Casa Fuente', 'las vegas', 'Bars and pubs'), ('/Attraction_Review-g45963-d2292286-Reviews-The_Chandelier-Las_Vegas_Nevada.html', 'The Chandelier', 'las vegas', 'Bars and pubs'), ('/Attraction_Review-g45963-d8178946-Reviews-Radius_Wet_Lounge-Las_Vegas_Nevada.html', 'Radius Wet Lounge', 'las vegas', 'Bars and pubs'), ('/Attraction_Review-g304556-d1785664-Reviews-Besant_Nagar_Beach-Chennai_Madras_Chennai_District_Tamil_Nadu.html', 'Besant Nagar Beach', 'chennai', 'Beaches'), ('/Attraction_Review-g304556-d321279-Reviews-Marina_Beach-Chennai_Madras_Chennai_District_Tamil_Nadu.html', 'Marina Beach', 'chennai', 'Beaches'), ('/Attraction_Review-g304556-d2697601-Reviews-Breezy_Beach-Chennai_Madras_Chennai_District_Tamil_Nadu.html', 'Breezy Beach', 'chennai', 'Beaches'), ('/Attraction_Review-g304556-d12660268-Reviews-Santhome_Beach-Chennai_Madras_Chennai_District_Tamil_Nadu.html', 'Santhome Beach', 'chennai', 'Beaches'), ('/Attraction_Review-g304556-d13198745-Reviews-Kasimedu_Beach-Chennai_Madras_Chennai_District_Tamil_Nadu.html', 'Kasimedu Beach', 'chennai', 'Beaches'), ('/Attraction_Review-g1162480-d3912892-Reviews-Wide_Beach-Mahabalipuram_Kanchipuram_District_Tamil_Nadu.html', 'Wide Beach Mahabalipuram, India 14.0 km away', 'chennai', 'Beaches'), ('/Restaurant_Review-g297654-d13566852-Reviews-Cuba_Libre-Pune_Pune_District_Maharashtra.html', 'Cuba Libre', 'pune', 'Bars and pubs'), ('/Restaurant_Review-g297654-d7909690-Reviews-Shree_Datta_Vadewale-Pune_Pune_District_Maharashtra.html', 'Shree Datta Vadewale', 'pune', 'Bars and pubs'), ('/Restaurant_Review-g297654-d13545910-Reviews-Pistachio-Pune_Pune_District_Maharashtra.html', 'Pistachio', 'pune', 'Bars and pubs'), ('/Restaurant_Review-g297654-d5071680-Reviews-Howzzat_Sports_Lounge_Le_Royale-Pune_Pune_District_Maharashtra.html', 'Howzzat Sports Lounge Le Royale', 'pune', 'Bars and pubs'), ('/Restaurant_Review-g297654-d13415286-Reviews-Coladas_Tiki_Bar_Kitchen-Pune_Pune_District_Maharashtra.html', 'Coladas- Tiki Bar & Kitchen', 'pune', 'Bars and pubs'), ('/Restaurant_Review-g297654-d13432667-Reviews-Thikana-Pune_Pune_District_Maharashtra.html', 'Thikana', 'pune', 'Bars and pubs'), ('/Restaurant_Review-g297654-d13415389-Reviews-Sin_Envy_Pride-Pune_Pune_District_Maharashtra.html', 'Sin Envy Pride', 'pune', 'Bars and pubs'), ('/Restaurant_Review-g297654-d13415325-Reviews-Cheers_The_Space_Pub-Pune_Pune_District_Maharashtra.html', 'Cheers - The Space Pub', 'pune', 'Bars and pubs'), ('/Restaurant_Review-g297654-d3174559-Reviews-Maya-Pune_Pune_District_Maharashtra.html', 'Maya', 'pune', 'Bars and pubs'), ('/Attraction_Review-g297592-d8094599-Reviews-The_Mall-Patna_Patna_District_Bihar.html', 'The Mall', 'patna', 'Nature and parks'), ('/Attraction_Review-g297592-d3913190-Reviews-Har_Mandir_Takht-Patna_Patna_District_Bihar.html', 'Har Mandir Takht', 'patna', 'Nature and parks'), ('/Attraction_Review-g297592-d3905604-Reviews-Maner_Sharif-Patna_Patna_District_Bihar.html', 'Maner Sharif', 'patna', 'Nature and parks'), ('/Attraction_Review-g297592-d3913384-Reviews-Patna_Planetarium-Patna_Patna_District_Bihar.html', 'Patna Planetarium', 'patna', 'Nature and parks'), ('/Attraction_Review-g297592-d7274785-Reviews-Shahid_Smarak-Patna_Patna_District_Bihar.html', 'Shahid Smarak', 'patna', 'Nature and parks'), ('/Attraction_Review-g297592-d3913380-Reviews-Martyr_s_Memorial-Patna_Patna_District_Bihar.html', 'Martyrs Memorial', 'patna', 'Nature and parks'), ('/Attraction_Review-g297592-d10840668-Reviews-Gurudwara_Handi_Sahib-Patna_Patna_District_Bihar.html', 'Gurudwara Handi Sahib', 'patna', 'Nature and parks'), ('/Attraction_Review-g297592-d5546612-Reviews-Kali_Mandir_Darbhanga_House_Patna-Patna_Patna_District_Bihar.html', 'Kali Mandir-Darbhanga House, Patna', 'patna', 'Nature and parks'), ('/Attraction_Review-g297592-d3217841-Reviews-Jalan_Museum-Patna_Patna_District_Bihar.html', 'Jalan Museum', 'patna', 'Nature and parks'), ('/Attraction_Review-g297592-d13090494-Reviews-Bihar_Museum-Patna_Patna_District_Bihar.html', 'Bihar Museum', 'patna', 'Nature and parks'), ('/Attraction_Review-g297592-d3200751-Reviews-Gandhi_Sangrahalaya-Patna_Patna_District_Bihar.html', 'Gandhi Sangrahalaya', 'patna', 'Nature and parks'), ('/Attraction_Review-g297592-d3734576-Reviews-P_M_Mall-Patna_Patna_District_Bihar.html', 'P&M Mall', 'patna', 'Nature and parks'), ('/Attraction_Review-g297592-d3705047-Reviews-Srikrishna_Science_Centre-Patna_Patna_District_Bihar.html', 'Srikrishna Science Centre', 'patna', 'Nature and parks'), ('/Attraction_Review-g297592-d7644283-Reviews-Eco_Park_Rajdhani_Vatika-Patna_Patna_District_Bihar.html', 'Eco Park (Rajdhani Vatika)', 'patna', 'Nature and parks'), ('/Attraction_Review-g297592-d3928168-Reviews-Gandhi_Maidan-Patna_Patna_District_Bihar.html', 'Gandhi Maidan', 'patna', 'Nature and parks'), ('/Attraction_Review-g297592-d2651006-Reviews-Golghar-Patna_Patna_District_Bihar.html', 'Golghar', 'patna', 'Nature and parks'), ('/Attraction_Review-g297592-d3686332-Reviews-Patna_Museum-Patna_Patna_District_Bihar.html', 'Patna Museum', 'patna', 'Nature and parks'), ('/Attraction_Review-g297592-d3705656-Reviews-Sanjay_Gandhi_Biological_Park-Patna_Patna_District_Bihar.html', 'Sanjay Gandhi Biological Park', 'patna', 'Nature and parks'), ('/Attraction_Review-g297592-d3493488-Reviews-Takhat_Shri_Harimandirji_Patna_Sahib-Patna_Patna_District_Bihar.html', 'Takhat Shri Harimandirji Patna Sahib', 'patna', 'Nature and parks'), ('/Attraction_Review-g297592-d3734581-Reviews-Buddha_Smriti_Park-Patna_Patna_District_Bihar.html', 'Buddha Smriti Park', 'patna', 'Nature and parks'), ('/Attraction_Review-g297592-d3442243-Reviews-Takht_Sri_Patna_Sahib-Patna_Patna_District_Bihar.html', 'Takht Sri Patna Sahib', 'patna', 'Nature and parks'), ('/Attraction_Review-g297592-d1220003-Reviews-Hanuman_Mandir-Patna_Patna_District_Bihar.html', 'Hanuman Mandir', 'patna', 'Nature and parks'), ('/Attraction_Review-g304558-d3165761-Reviews-Sunshine-Kolkata_Calcutta_Kolkata_District_West_Bengal.html', 'Sunshine', 'kolkata', 'Shopping'), ('/Attraction_Review-g304558-d5782275-Reviews-Quest_Mall-Kolkata_Calcutta_Kolkata_District_West_Bengal.html', 'Quest Mall', 'kolkata', 'Shopping'), ('/Attraction_Review-g304558-d320042-Reviews-New_Market-Kolkata_Calcutta_Kolkata_District_West_Bengal.html', 'New Market', 'kolkata', 'Shopping'), ('/Attraction_Review-g304558-d5782274-Reviews-South_City_Mall-Kolkata_Calcutta_Kolkata_District_West_Bengal.html', 'South City Mall', 'kolkata', 'Shopping'), ('/Attraction_Review-g304558-d617188-Reviews-Malik_Ghat_Flower_Market-Kolkata_Calcutta_Kolkata_District_West_Bengal.html', 'Malik Ghat Flower Market', 'kolkata', 'Shopping'), ('/Attraction_Review-g1234703-d6041382-Reviews-Avani_Riverside_Mall-Howrah_Howrah_District_West_Bengal.html', 'Avani Riverside Mall Howrah, India 2.5 km away', 'kolkata', 'Shopping'), ('/Attraction_Review-g304558-d8115659-Reviews-Mani_Square_mall-Kolkata_Calcutta_Kolkata_District_West_Bengal.html', 'Mani Square mall', 'kolkata', 'Shopping'), ('/Attraction_Review-g304558-d5782276-Reviews-City_Centre_Mall-Kolkata_Calcutta_Kolkata_District_West_Bengal.html', 'City Centre Mall', 'kolkata', 'Shopping'), ('/Attraction_Review-g304558-d9712713-Reviews-Acropolis_Mall-Kolkata_Calcutta_Kolkata_District_West_Bengal.html', 'Acropolis Mall', 'kolkata', 'Shopping'), ('/Attraction_Review-g304558-d3857143-Reviews-Dakshinapan_Shopping_Complex-Kolkata_Calcutta_Kolkata_District_West_Bengal.html', 'Dakshinapan Shopping Complex', 'kolkata', 'Shopping'), ('/Attraction_Review-g304558-d2637466-Reviews-Oxford_Bookstore-Kolkata_Calcutta_Kolkata_District_West_Bengal.html', 'Oxford Bookstore', 'kolkata', 'Shopping'), ('/Attraction_Review-g304558-d6755101-Reviews-Sienna_Jodhpur_Park-Kolkata_Calcutta_Kolkata_District_West_Bengal.html', 'Sienna - Jodhpur Park', 'kolkata', 'Shopping'), ('/Attraction_Review-g304558-d11801654-Reviews-Lake_Mall-Kolkata_Calcutta_Kolkata_District_West_Bengal.html', 'Lake Mall', 'kolkata', 'Shopping'), ('/Attraction_Review-g304558-d6041450-Reviews-E_Mall-Kolkata_Calcutta_Kolkata_District_West_Bengal.html', 'E-Mall', 'kolkata', 'Shopping'), ('/Attraction_Review-g304558-d2463935-Reviews-Hatibagan_Market-Kolkata_Calcutta_Kolkata_District_West_Bengal.html', 'Hatibagan Market', 'kolkata', 'Shopping'), ('/Attraction_Review-g304558-d12361708-Reviews-Diamond_Plaza-Kolkata_Calcutta_Kolkata_District_West_Bengal.html', 'Diamond Plaza', 'kolkata', 'Shopping'), ('/Attraction_Review-g304558-d3913377-Reviews-CIMA_Gallery-Kolkata_Calcutta_Kolkata_District_West_Bengal.html', 'CIMA Gallery', 'kolkata', 'Shopping'), ('/Attraction_Review-g304558-d6041443-Reviews-Axis_Mall-Kolkata_Calcutta_Kolkata_District_West_Bengal.html', 'Axis Mall', 'kolkata', 'Shopping'), ('/Attraction_Review-g304558-d9727620-Reviews-Biswa_Bangla_Krirangan-Kolkata_Calcutta_Kolkata_District_West_Bengal.html', 'Biswa Bangla Krirangan', 'kolkata', 'Shopping'), ('/Attraction_Review-g303883-d9835170-Reviews-Harihar_Fort-Nashik_Nashik_District_Maharashtra.html', 'Harihar Fort', 'nashik', 'Fun and games'), ('/Attraction_Review-g303883-d3239578-Reviews-Tringalwadi_Fort-Nashik_Nashik_District_Maharashtra.html', 'Tringalwadi Fort', 'nashik', 'Fun and games'), ('/Attraction_Review-g303883-d3170410-Reviews-Anjaneri_Fort-Nashik_Nashik_District_Maharashtra.html', 'Anjaneri Fort', 'nashik', 'Fun and games'), ('/Attraction_Review-g303883-d10245331-Reviews-Grover_Zampa_Vineyards_Nashik-Nashik_Nashik_District_Maharashtra.html', 'Grover Zampa Vineyards Nashik', 'nashik', 'Fun and games'), ('/Attraction_Review-g303883-d11833112-Reviews-Shri_Anna_Ganapati_Navgraha_Siddhapeetham-Nashik_Nashik_District_Maharashtra.html', 'Shri Anna Ganapati Navgraha Siddhapeetham', 'nashik', 'Fun and games'), ('/Attraction_Review-g303883-d8059951-Reviews-Dugarwadi_Waterfall-Nashik_Nashik_District_Maharashtra.html', 'Dugarwadi Waterfall', 'nashik', 'Fun and games'), ('/Attraction_Review-g303883-d2648922-Reviews-Gangadwar-Nashik_Nashik_District_Maharashtra.html', 'Gangadwar', 'nashik', 'Fun and games'), ('/Attraction_Review-g303883-d2009110-Reviews-Modakeshwar_Ganesh_Temple-Nashik_Nashik_District_Maharashtra.html', 'Modakeshwar Ganesh Temple', 'nashik', 'Fun and games'), ('/Attraction_Review-g303883-d2649481-Reviews-Ghatandevi_Mandir_Temple-Nashik_Nashik_District_Maharashtra.html', 'Ghatandevi Mandir Temple', 'nashik', 'Fun and games'), ('/Attraction_Review-g303883-d2009078-Reviews-Shree_Datta_Mandir_Temple-Nashik_Nashik_District_Maharashtra.html', 'Shree Datta Mandir Temple', 'nashik', 'Fun and games'), ('/Attraction_Review-g303883-d8490952-Reviews-Ruchir_Art_Gallery-Nashik_Nashik_District_Maharashtra.html', 'Ruchir Art Gallery', 'nashik', 'Fun and games'), ('/Attraction_Review-g303883-d3239579-Reviews-Tringalwadi_Lake-Nashik_Nashik_District_Maharashtra.html', 'Tringalwadi Lake', 'nashik', 'Fun and games'), ('/Attraction_Review-g303883-d13228215-Reviews-Kashyapi_Dam-Nashik_Nashik_District_Maharashtra.html', 'Kashyapi Dam', 'nashik', 'Fun and games'), ('/Attraction_Review-g297654-d3537816-Reviews-Western_Ghats-Pune_Pune_District_Maharashtra.html', 'Western Ghats', 'pune', 'Nature and parks'), ('/Attraction_Review-g297654-d2238510-Reviews-Mulshi_Dam-Pune_Pune_District_Maharashtra.html', 'Mulshi Dam', 'pune', 'Nature and parks'), ('/Attraction_Review-g297654-d324625-Reviews-Panshet_Dam-Pune_Pune_District_Maharashtra.html', 'Panshet Dam', 'pune', 'Nature and parks'), ('/Attraction_Review-g297654-d2178323-Reviews-Rajiv_Gandhi_Zoological_Park-Pune_Pune_District_Maharashtra.html', 'Rajiv Gandhi Zoological Park', 'pune', 'Nature and parks'), ('/Attraction_Review-g297654-d11924521-Reviews-Koregaon_Park-Pune_Pune_District_Maharashtra.html', 'Koregaon Park', 'pune', 'Nature and parks'), ('/Attraction_Review-g297654-d8048731-Reviews-Dive_Ghat_Valley-Pune_Pune_District_Maharashtra.html', 'Dive Ghat Valley', 'pune', 'Nature and parks'), ('/Attraction_Review-g297592-d3705253-Reviews-Surya_Mandir-Patna_Patna_District_Bihar.html', 'Surya Mandir', 'patna', 'Nature and parks'), ('/Attraction_Review-g297592-d3177761-Reviews-ISKCON_Temple_Patna-Patna_Patna_District_Bihar.html', 'ISKCON Temple Patna', 'patna', 'Nature and parks'), ('/Attraction_Review-g297592-d2721629-Reviews-Begu_Hajjam_s_Mosque-Patna_Patna_District_Bihar.html', 'Begu Hajjams Mosque', 'patna', 'Nature and parks'), ('/Attraction_Review-g304551-d3520978-Reviews-The_Delhi_Way_Day_Tours-New_Delhi_National_Capital_Territory_of_Delhi.html', 'The Delhi Way Day Tours', 'delhi', 'Shopping'), ('/Attraction_Review-g304551-d2422590-Reviews-Delhi_Shopping_Tour-New_Delhi_National_Capital_Territory_of_Delhi.html', 'Delhi Shopping Tour', 'delhi', 'Shopping'), ('/Attraction_Review-g304551-d7377905-Reviews-Farheen_Cooking_Classes_Delhi-New_Delhi_National_Capital_Territory_of_Delhi.html', 'Farheen Cooking Classes Delhi', 'delhi', 'Shopping'), ('/Attraction_Review-g297592-d3734576-Reviews-P_M_Mall-Patna_Patna_District_Bihar.html', 'P&M Mall', 'patna', 'Shopping'), ('/Attraction_Review-g297592-d6496353-Reviews-Maurya_Lok_Shopping_Complex-Patna_Patna_District_Bihar.html', 'Maurya Lok Shopping Complex', 'patna', 'Shopping'), ('/Attraction_Review-g297592-d8841390-Reviews-Mridani-Patna_Patna_District_Bihar.html', 'Mridani', 'patna', 'Shopping'), ('/Attraction_Review-g297592-d8094599-Reviews-The_Mall-Patna_Patna_District_Bihar.html', 'The Mall', 'patna', 'Shopping'), ('/Attraction_Review-g297592-d5782387-Reviews-Vasundhara_Metro_Mall-Patna_Patna_District_Bihar.html', 'Vasundhara Metro Mall', 'patna', 'Shopping'), ('/Attraction_Review-g304551-d3879008-Reviews-Food_Tour_in_Delhi-New_Delhi_National_Capital_Territory_of_Delhi.html', 'Food Tour in Delhi', 'delhi', 'Shopping'), ('/Attraction_Review-g304551-d2547743-Reviews-Buzzaria_Dukaan-New_Delhi_National_Capital_Territory_of_Delhi.html', 'Buzzaria Dukaan', 'delhi', 'Shopping'), ('/Attraction_Review-g304551-d2154496-Reviews-Select_Citywalk-New_Delhi_National_Capital_Territory_of_Delhi.html', 'Select Citywalk', 'delhi', 'Shopping'), ('/Attraction_Review-g304551-d6496443-Reviews-Lajpat_Nagar_Central_Market-New_Delhi_National_Capital_Territory_of_Delhi.html', 'Lajpat Nagar Central Market', 'delhi', 'Shopping'), ('/Attraction_Review-g304551-d6041227-Reviews-Pacific_Mall-New_Delhi_National_Capital_Territory_of_Delhi.html', 'Pacific Mall', 'delhi', 'Shopping'), ('/Attraction_Review-g304551-d4922887-Reviews-The_Carpet_Cellar-New_Delhi_National_Capital_Territory_of_Delhi.html', 'The Carpet Cellar', 'delhi', 'Shopping'), ('/Attraction_Review-g304551-d4221141-Reviews-DLF_Promenade_Mall-New_Delhi_National_Capital_Territory_of_Delhi.html', 'DLF Promenade Mall', 'delhi', 'Shopping'), ('/Attraction_Review-g304551-d311613-Reviews-Chandni_Chowk-New_Delhi_National_Capital_Territory_of_Delhi.html', 'Chandni Chowk', 'delhi', 'Shopping'), ('/Attraction_Review-g304551-d1820160-Reviews-Khan_Market-New_Delhi_National_Capital_Territory_of_Delhi.html', 'Khan Market', 'delhi', 'Shopping'), ('/Attraction_Review-g304551-d320433-Reviews-Dilli_Haat-New_Delhi_National_Capital_Territory_of_Delhi.html', 'Dilli Haat', 'delhi', 'Shopping'), ('/Attraction_Review-g304551-d2071662-Reviews-Janpath_Market-New_Delhi_National_Capital_Territory_of_Delhi.html', 'Janpath Market', 'delhi', 'Shopping'), ('/Attraction_Review-g304551-d4958748-Reviews-Dlf_Place_Saket-New_Delhi_National_Capital_Territory_of_Delhi.html', 'Dlf Place Saket', 'delhi', 'Shopping'), ('/Attraction_Review-g644043-d1229308-Reviews-The_Great_India_Place-Noida_Gautam_Buddha_Nagar_District_Uttar_Pradesh.html', 'The Great India Place Noida, India 8.1 km away', 'delhi', 'Shopping'), ('/Attraction_Review-g304551-d9858626-Reviews-India_Tour_Driver_Private_Day_Tour-New_Delhi_National_Capital_Territory_of_Delhi.html', 'India Tour Driver Private Day Tour', 'delhi', 'Shopping'), ('/Attraction_Review-g304551-d2294573-Reviews-Paharganj-New_Delhi_National_Capital_Territory_of_Delhi.html', 'Paharganj', 'delhi', 'Shopping'), ('/Attraction_Review-g304551-d320099-Reviews-Central_Cottage_Industries_Emporium-New_Delhi_National_Capital_Territory_of_Delhi.html', 'Central Cottage Industries Emporium', 'delhi', 'Shopping'), ('/Attraction_Review-g304551-d2041209-Reviews-Craft_House-New_Delhi_National_Capital_Territory_of_Delhi.html', 'Craft House', 'delhi', 'Shopping'), ('/Attraction_Review-g304551-d10815864-Reviews-Jaipur_Rugs_Delhi_Store-New_Delhi_National_Capital_Territory_of_Delhi.html', 'Jaipur Rugs - Delhi Store', 'delhi', 'Shopping'), ('/Attraction_Review-g644043-d9765874-Reviews-DLF_Mall_Of_India-Noida_Gautam_Buddha_Nagar_District_Uttar_Pradesh.html', 'DLF Mall Of India Noida, India 10.2 km away', 'delhi', 'Shopping'), ('/Attraction_Review-g304551-d2547169-Reviews-INA_Market-New_Delhi_National_Capital_Territory_of_Delhi.html', 'INA Market', 'delhi', 'Shopping');
/*!40000 ALTER TABLE `travellogue` ENABLE KEYS */;


# Dumping structure for table travel_database.userhistory
CREATE TABLE IF NOT EXISTS `userhistory` (
  `user` text,
  `keyword` text,
  `poi` text,
  `location` text,
  `lat` text,
  `lng` text,
  `order1` int(11) DEFAULT NULL
) ENGINE=MyISAM DEFAULT CHARSET=latin1;

# Dumping data for table travel_database.userhistory: 106 rows
/*!40000 ALTER TABLE `userhistory` DISABLE KEYS */;
INSERT INTO `userhistory` (`user`, `keyword`, `poi`, `location`, `lat`, `lng`, `order1`) VALUES ('java@gmail.com', 'indore', 'Nature and parks', 'Nehru Park', '22.7224312', '75.8698490', 1), ('java@gmail.com', 'indore', 'Nature and parks', 'Janapav', '22.7195687', '75.8577258', 2), ('java@gmail.com', 'indore', 'Nature and parks', 'Kamla Nehru Prani Sangrahalay', '22.7043437', '75.8778970', 3), ('java@gmail.com', 'indore', 'Nature and parks', 'Meghdoot Upvan', '22.7521605', '75.8871371', 4), ('java@gmail.com', 'indore', 'Nature and parks', 'Sirpur Lake', '22.7041204', '75.8183831', 5), ('java@gmail.com', 'indore', 'Nature and parks', 'Tafreeh Agro Park', '22.6944105', '75.7820848', 6), ('java@gmail.com', 'indore', 'Nature and parks', 'Ralamandal Wildlife Sanctuary', '22.6465712', '75.9114074', 7), ('java@gmail.com', 'mumbai', 'spas and wellness', 'The Palms Spa', '18.9242803', '72.8335217', 1), ('java@gmail.com', 'mumbai', 'spas and wellness', 'Metta Reflexology Spa', '19.0544962', '72.8271494', 2), ('java@gmail.com', 'mumbai', 'spas and wellness', 'Yogacara Healing Arts', '19.0612763', '72.8244519', 3), ('java@gmail.com', 'mumbai', 'spas and wellness', 'Sukho Thai Massage & Spa', '19.0592938', '72.8325668', 4), ('java@gmail.com', 'mumbai', 'spas and wellness', 'Quan Spa, Mumbai', '19.1018516', '72.8260856', 5), ('java@gmail.com', 'mumbai', 'spas and wellness', 'O2 Spa', '19.1141206', '72.8638750', 6), ('java@gmail.com', 'mumbai', 'spas and wellness', 'Tattva Spa - Saki Naka', '19.1031020', '72.8873210', 7), ('java@gmail.com', 'mumbai', 'spas and wellness', 'The Four Fountains Spa - Powai', '19.1153490', '72.9080460', 8), ('java@gmail.com', 'mumbai', 'spas and wellness', 'Tattva Spa - Goregaon West', '19.1732519', '72.8458989', 9), ('java@gmail.com', 'mumbai', 'spas and wellness', 'Areopagus: The Japanese Day Spa', '19.1712419', '72.8451326', 10), ('sql@gmail.com', 'hydrabad', 'Sights and landmarks', 'ISKCON Hyderabad Sri Sri Radha Madanmohan Mandir', '17.3880048', '78.4747910', 1), ('sql@gmail.com', 'hydrabad', 'Sights and landmarks', 'Sri Ramakrishna Math', '17.4111340', '78.4823977', 2), ('sql@gmail.com', 'hydrabad', 'Sights and landmarks', 'Buddha Statue', '17.4155657', '78.4749730', 3), ('sql@gmail.com', 'hydrabad', 'Sights and landmarks', 'GVK One Mall', '17.4191003', '78.4486468', 4), ('sql@gmail.com', 'hydrabad', 'Sights and landmarks', 'KBR National Park', '17.4237592', '78.4159520', 5), ('sql@gmail.com', 'hydrabad', 'Sights and landmarks', 'Inorbit Mall', '17.4356077', '78.3824731', 6), ('sql@gmail.com', 'hydrabad', 'Sights and landmarks', 'Sudha Cars Museum', '17.3568697', '78.4539478', 7), ('sql@gmail.com', 'hydrabad', 'Sights and landmarks', 'Chowmahalla Palace', '17.3578233', '78.4716897', 8), ('sql@gmail.com', 'hydrabad', 'Sights and landmarks', 'Taj Falaknuma Palace', '17.3313295', '78.4661712', 9), ('sql@gmail.com', 'hydrabad', 'Sights and landmarks', 'Ramoji Film City', '17.2543010', '78.6807670', 10), ('sql@gmail.com', 'mumbai', 'Sights and landmarks', 'Nerul Balaji Temple Navi Mumbai', '19.0324248', '73.0143647', 1), ('sql@gmail.com', 'mumbai', 'Sights and landmarks', 'Hanuman Temple of SIES Navi Mumbai', '19.0433102', '73.0240678', 2), ('sql@gmail.com', 'mumbai', 'Sights and landmarks', 'Viviana Mall', '19.2085718', '72.9717188', 3), ('sql@gmail.com', 'mumbai', 'Sights and landmarks', 'Hare Krishna Temple', '19.1130396', '72.8265957', 4), ('sql@gmail.com', 'mumbai', 'Sights and landmarks', 'Mount Mary Church', '19.0465581', '72.8224748', 5), ('sql@gmail.com', 'mumbai', 'Sights and landmarks', 'Worli Sea Face', '19.0091432', '72.8157283', 6), ('sql@gmail.com', 'mumbai', 'Sights and landmarks', 'High Street Phoenix', '18.9940439', '72.8250901', 7), ('sql@gmail.com', 'mumbai', 'Sights and landmarks', 'Jain Temple - Mumbai', '18.9491918', '72.7988930', 8), ('sql@gmail.com', 'mumbai', 'Sights and landmarks', 'Chhatrapati Shivaji Maharaj Vastu Sangrahalaya', '18.9268552', '72.8325875', 9), ('sql@gmail.com', 'mumbai', 'Sights and landmarks', 'Gateway of India', '18.9219841', '72.8346543', 10), ('sql@gmail.com', 'indore', 'Nature and parks', 'Tincha Fall', '22.5758027', '75.9793594', 1), ('sql@gmail.com', 'indore', 'Nature and parks', 'Ralamandal Wildlife Sanctuary', '22.6465712', '75.9114074', 2), ('sql@gmail.com', 'indore', 'Nature and parks', 'Kamla Nehru Prani Sangrahalay', '22.7043437', '75.8778970', 3), ('sql@gmail.com', 'indore', 'Nature and parks', 'Nehru Park', '22.7224312', '75.8698490', 4), ('sql@gmail.com', 'indore', 'Nature and parks', 'Janapav', '22.7195687', '75.8577258', 5), ('sql@gmail.com', 'indore', 'Nature and parks', 'Meghdoot Upvan', '22.7521605', '75.8871371', 6), ('sql@gmail.com', 'indore', 'Nature and parks', 'Sirpur Lake', '22.7041204', '75.8183831', 7), ('sql@gmail.com', 'indore', 'Nature and parks', 'Tafreeh Agro Park', '22.6944105', '75.7820848', 8), ('sql@gmail.com', 'goa', 'Nature and parks', 'Mandrem Beach Mandrem', '15.6631077', '73.7419017', 2), ('sql@gmail.com', 'goa', 'Nature and parks', 'Morjim Beach Morjim', '15.6316233', '73.7389596', 1), ('java@gmail.com', 'mumbai', 'Beaches', 'Uran Beach Navi Mumbai', '18.8570317', '72.9236137', 8), ('java@gmail.com', 'mumbai', 'Beaches', 'Girgaum Chowpatty', '18.9545121', '72.8126493', 7), ('java@gmail.com', 'mumbai', 'Beaches', 'Raheja Exocita Mudh Marve', '19.2143890', '72.8697394', 6), ('java@gmail.com', 'mumbai', 'Beaches', 'Gorai Beach', '19.2419548', '72.7808269', 5), ('java@gmail.com', 'mumbai', 'Beaches', 'Madh Island', '19.1540594', '72.7882231', 4), ('java@gmail.com', 'mumbai', 'Beaches', 'Dana Paani Beach', '19.1695807', '72.7883985', 3), ('java@gmail.com', 'mumbai', 'Beaches', 'Aksa Beach', '19.1759612', '72.7953513', 2), ('java@gmail.com', 'mumbai', 'Beaches', 'Manori Beach', '19.2026664', '72.7876243', 1), ('sql@gmail.com', 'goa', 'Nature and parks', 'Utorda Beach Utorda', '15.3180882', '73.8996066', 3), ('sql@gmail.com', 'goa', 'Nature and parks', 'Majorda Beach Majorda', '15.3111553', '73.9018114', 4), ('sql@gmail.com', 'goa', 'Nature and parks', 'Colva Beach Colva', '15.2763785', '73.9188868', 5), ('sql@gmail.com', 'goa', 'Nature and parks', 'Benaulim Beach Benaulim', '15.2570626', '73.9187138', 6), ('sql@gmail.com', 'goa', 'Nature and parks', 'Cavelossim Beach Cavelossim', '15.1715011', '73.9414930', 7), ('sql@gmail.com', 'goa', 'Nature and parks', 'Mobor Beach Salcette', '15.1573147', '73.9462689', 8), ('sql@gmail.com', 'goa', 'Nature and parks', 'Butterfly Beach Palolem', '15.0196019', '74.0016470', 9), ('sql@gmail.com', 'goa', 'Nature and parks', 'Patnem-Colomb Beach Panjim', '15.0026499', '74.0271825', 10), ('java@gmail.com', 'pune', 'Shopping', 'S Mall', '18.5171034', '73.8414836', 1), ('java@gmail.com', 'pune', 'Shopping', 'Pune Central Mall', '18.5345211', '73.8386492', 2), ('java@gmail.com', 'pune', 'Shopping', 'Art2Day Gallery', '18.5188365', '73.8314561', 3), ('java@gmail.com', 'pune', 'Shopping', 'RANJNA', '18.5545740', '73.8006300', 4), ('java@gmail.com', 'pune', 'Shopping', 'Beautiful Minds', '18.5556600', '73.7946000', 5), ('java@gmail.com', 'pune', 'Shopping', 'Tilting Art Gallery', '18.5565656', '73.8951930', 6), ('java@gmail.com', 'pune', 'Shopping', 'Phoenix Market City', '18.5612877', '73.9172253', 7), ('java@gmail.com', 'pune', 'Shopping', 'Anandi Shopping Centre', '18.5907413', '73.9072716', 8), ('java@gmail.com', 'pune', 'Shopping', 'Seasons Mall', '18.5194929', '73.9315537', 9), ('java@gmail.com', 'pune', 'Shopping', 'Amanora Mall', '18.5188689', '73.9357185', 10), ('java@gmail.com', 'nashik', 'Fun and games', 'Ghatandevi Mandir Temple', '20.0144689', '73.7958400', 1), ('java@gmail.com', 'nashik', 'Fun and games', 'Shri Anna Ganapati Navgraha Siddhapeetham', '19.9413981', '73.8261760', 2), ('java@gmail.com', 'nashik', 'Fun and games', 'Grover Zampa Vineyards Nashik', '19.8394839', '73.6259508', 3), ('java@gmail.com', 'nashik', 'Fun and games', 'Anjaneri Fort', '19.9200000', '73.5700000', 4), ('java@gmail.com', 'nashik', 'Fun and games', 'Gangadwar', '19.9280357', '73.5166067', 5), ('java@gmail.com', 'nashik', 'Fun and games', 'Dugarwadi Waterfall', '19.9407167', '73.4683117', 6), ('java@gmail.com', 'nashik', 'Fun and games', 'Tringalwadi Lake', '19.7323116', '73.5549958', 7), ('sql@gmail.com', 'pune', 'Nature and parks', 'Panshet Dam', '18.3779339', '73.6135141', 1), ('sql@gmail.com', 'pune', 'Nature and parks', 'Mulshi Dam', '18.5306668', '73.5111883', 2), ('sql@gmail.com', 'pune', 'Nature and parks', 'Western Ghats', '18.5073985', '73.8076505', 3), ('sql@gmail.com', 'pune', 'Nature and parks', 'Rajiv Gandhi Zoological Park', '18.4542780', '73.8599042', 4), ('sql@gmail.com', 'pune', 'Nature and parks', 'Koregaon Park', '18.5362084', '73.8939748', 5), ('sql@gmail.com', 'pune', 'Nature and parks', 'Dive Ghat Valley', '18.4155944', '73.9944520', 6), ('java@gmail.com', 'delhi', 'Shopping', 'Delhi Shopping Tour', '28.6295827', '77.2198319', 1), ('java@gmail.com', 'delhi', 'Shopping', 'Food Tour in Delhi', '28.6560722', '77.2305058', 2), ('java@gmail.com', 'delhi', 'Shopping', 'Farheen Cooking Classes Delhi', '28.5679040', '77.2306920', 3), ('java@gmail.com', 'delhi', 'Shopping', 'INA Market', '28.5750292', '77.2098568', 4), ('java@gmail.com', 'delhi', 'Shopping', 'Dlf Place Saket', '28.5281743', '77.2167703', 5), ('java@gmail.com', 'delhi', 'Shopping', 'Buzzaria Dukaan', '28.5265970', '77.1876100', 6), ('java@gmail.com', 'delhi', 'Shopping', 'Jaipur Rugs - Delhi Store', '28.4993730', '77.1627190', 7), ('java@gmail.com', 'delhi', 'Shopping', 'DLF Promenade Mall', '28.5426165', '77.1557526', 8), ('java@gmail.com', 'delhi', 'Shopping', 'The Great India Place Noida, India 8.1 km away', '28.5675450', '77.3261610', 9), ('java@gmail.com', 'delhi', 'Shopping', 'DLF Mall Of India Noida, India 10.2 km away', '28.5672110', '77.3210863', 10), ('java@gmail.com', 'pune', 'Temple and mandir', 'Shri Satya Sai Pandurang Kshetra', '18.5836435', '73.5129440', 1), ('java@gmail.com', 'pune', 'Temple and mandir', 'Chaturshrungi Temple', '18.5388766', '73.8277599', 2), ('java@gmail.com', 'pune', 'Temple and mandir', 'Shreemant Dagdusheth Halwai Sarvajanik Ganpati', '18.5164167', '73.8561092', 3), ('java@gmail.com', 'pune', 'Temple and mandir', 'Sarasbaug Ganpati Temple', '18.5017567', '73.8524163', 4), ('java@gmail.com', 'pune', 'Temple and mandir', 'Darshan Museum', '18.5241010', '73.8764150', 5), ('java@gmail.com', 'pune', 'Temple and mandir', 'Narayani Dham Temple', '18.4532293', '73.8535994', 6), ('java@gmail.com', 'pune', 'Temple and mandir', 'ISKCON NVCC Temple', '18.4486248', '73.8804326', 7), ('java@gmail.com', 'pune', 'Temple and mandir', 'Shree Chintamani Temple', '18.5238648', '74.0464444', 8), ('java@gmail.com', 'pune', 'Temple and mandir', 'Bhuleshwar Temple', '18.4357433', '74.2410246', 9), ('java@gmail.com', 'pune', 'Temple and mandir', 'Baneshwar Temple', '18.2556571', '73.8742311', 10);
/*!40000 ALTER TABLE `userhistory` ENABLE KEYS */;


# Dumping structure for table travel_database.userlog
CREATE TABLE IF NOT EXISTS `userlog` (
  `username` text,
  `searchhistory` text,
  `poi` text
) ENGINE=MyISAM DEFAULT CHARSET=latin1;

# Dumping data for table travel_database.userlog: 125 rows
/*!40000 ALTER TABLE `userlog` DISABLE KEYS */;
INSERT INTO `userlog` (`username`, `searchhistory`, `poi`) VALUES ('java@gmail.com', 'mumbai', 'Sightseeing'), ('java@gmail.com', 'mumbai', 'Sightseeing'), ('java@gmail.com', 'pune', 'Temple and mandir'), ('java@gmail.com', 'pune', 'Shopping'), ('java@gmail.com', 'pune', 'Shopping'), ('java@gmail.com', 'pune', 'Shopping'), ('java@gmail.com', 'pune', 'Temple and mandir'), ('java@gmail.com', 'pune', 'Temple and mandir'), ('java@gmail.com', 'mumbai', 'Sightseeing'), ('java@gmail.com', 'nashik', 'outdoor activities'), ('java@gmail.com', 'nashik', 'outdoor activities'), ('java@gmail.com', 'goa', 'Shopping'), ('java@gmail.com', 'pune', 'Temple and mandir'), ('sql@gmail.com', 'goa', 'Nature and parks'), ('sql@gmail.com', 'goa', 'Nature and parks'), ('sql@gmail.com', 'mumbai', 'Fun and games'), ('java@gmail.com', 'mumbai', 'Fun and games'), ('sql@gmail.com', 'goa', 'Shopping'), ('sql@gmail.com', 'nashik', 'outdoor activities'), ('sql@gmail.com', 'mumbai', 'Zoos and Aquariums'), ('java@gmail.com', 'indore', 'Nature and parks'), ('java@gmail.com', 'mumbai', 'Fun and games'), ('java@gmail.com', 'mumbai', 'Fun and games'), ('java@gmail.com', 'goa', 'Nature and parks'), ('java@gmail.com', 'mumbai', 'Sightseeing'), ('java@gmail.com', 'pune', 'Temple and mandir'), ('java@gmail.com', 'pune', 'Temple and mandir'), ('java@gmail.com', 'indore', 'Nature and parks'), ('java@gmail.com', 'indore', 'Nature and parks'), ('java@gmail.com', 'indore', 'Nature and parks'), ('java@gmail.com', 'indore', 'Nature and parks'), ('java@gmail.com', 'indore', 'Nature and parks'), ('java@gmail.com', 'mumbai', 'spas and wellness'), ('java@gmail.com', 'pune', 'Temple and mandir'), ('sql@gmail.com', 'hydrabad', 'Sights and landmarks'), ('sql@gmail.com', 'mumbai', 'Sights and landmarks'), ('sql@gmail.com', 'indore', 'Nature and parks'), ('sql@gmail.com', 'nashik', 'outdoor activities'), ('sql@gmail.com', 'nashik', 'outdoor activities'), ('sql@gmail.com', 'nashik', 'outdoor activities'), ('java@gmail.com', 'mumbai', 'Beaches'), ('java@gmail.com', 'mumbai', 'Beaches'), ('java@gmail.com', 'mumbai', 'Beaches'), ('sql@gmail.com', 'goa', 'Nature and parks'), ('sql@gmail.com', 'las vegas', 'Bars and pubs'), ('java@gmail.com', 'pune', 'Shopping'), ('java@gmail.com', 'nashik', 'Fun and games'), ('java@gmail.com', 'nashik', 'Fun and games'), ('java@gmail.com', 'nashik', 'Fun and games'), ('java@gmail.com', 'nashik', 'Fun and games'), ('sql@gmail.com', 'pune', 'Nature and parks'), ('sql@gmail.com', 'pune', 'Nature and parks'), ('java@gmail.com', 'pune', 'Nature and parks'), ('java@gmail.com', 'delhi', 'Shopping'), ('java@gmail.com', 'mumbai', 'Sightseeing'), ('java@gmail.com', 'pune', 'Temple and mandir'), ('java@gmail.com', 'pune', 'Temple and mandir'), ('java@gmail.com', 'mumbai', 'Sightseeing'), ('java@gmail.com', 'pune', 'Temple and mandir'), ('java@gmail.com', 'pune', 'Temple and mandir'), ('java@gmail.com', 'pune', 'Temple and mandir'), ('java@gmail.com', 'pune', 'Temple and mandir'), ('java@gmail.com', 'pune', 'Temple and mandir'), ('java@gmail.com', 'pune', 'Temple and mandir'), ('java@gmail.com', 'pune', 'Temple and mandir'), ('java@gmail.com', 'pune', 'Temple and mandir'), ('java@gmail.com', 'pune', 'Temple and mandir'), ('java@gmail.com', 'pune', 'Temple and mandir'), ('java@gmail.com', 'pune', 'Temple and mandir'), ('java@gmail.com', 'pune', 'Temple and mandir'), ('java@gmail.com', 'pune', 'Temple and mandir'), ('java@gmail.com', 'pune', 'Temple and mandir'), ('java@gmail.com', 'pune', 'Temple and mandir'), ('java@gmail.com', 'pune', 'Temple and mandir'), ('java@gmail.com', 'pune', 'Temple and mandir'), ('java@gmail.com', 'pune', 'Temple and mandir'), ('java@gmail.com', 'pune', 'Temple and mandir'), ('null', 'pune', 'Temple and mandir'), ('java@gmail.com', 'pune', 'Temple and mandir'), ('java@gmail.com', 'pune', 'Temple and mandir'), ('java@gmail.com', 'pune', 'Temple and mandir'), ('java@gmail.com', 'pune', 'Temple and mandir'), ('java@gmail.com', 'pune', 'Temple and mandir'), ('java@gmail.com', 'pune', 'Temple and mandir'), ('java@gmail.com', 'pune', 'Temple and mandir'), ('java@gmail.com', 'pune', 'Temple and mandir'), ('java@gmail.com', 'pune', 'Temple and mandir'), ('java@gmail.com', 'pune', 'Temple and mandir'), ('java@gmail.com', 'pune', 'Temple and mandir'), ('java@gmail.com', 'pune', 'Temple and mandir'), ('java@gmail.com', 'pune', 'Temple and mandir'), ('java@gmail.com', 'pune', 'Temple and mandir'), ('java@gmail.com', 'pune', 'Temple and mandir'), ('java@gmail.com', 'pune', 'Temple and mandir'), ('java@gmail.com', 'pune', 'Temple and mandir'), ('java@gmail.com', 'pune', 'Temple and mandir'), ('java@gmail.com', 'pune', 'Temple and mandir'), ('java@gmail.com', 'pune', 'Temple and mandir'), ('java@gmail.com', 'pune', 'Temple and mandir'), ('java@gmail.com', 'pune', 'Temple and mandir'), ('java@gmail.com', 'pune', 'Temple and mandir'), ('java@gmail.com', 'pune', 'Temple and mandir'), ('java@gmail.com', 'pune', 'Temple and mandir'), ('java@gmail.com', 'pune', 'Temple and mandir'), ('java@gmail.com', 'pune', 'Temple and mandir'), ('java@gmail.com', 'pune', 'Temple and mandir'), ('java@gmail.com', 'pune', 'Temple and mandir'), ('java@gmail.com', 'pune', 'Shopping'), ('java@gmail.com', 'pune', 'Nature and parks'), ('java@gmail.com', 'pune', 'Temple and mandir'), ('java@gmail.com', 'pune', 'Temple and mandir'), ('java@gmail.com', 'pune', 'Temple and mandir'), ('java@gmail.com', 'pune', 'Temple and mandir'), ('java@gmail.com', 'pune', 'Temple and mandir'), ('java@gmail.com', 'pune', 'Temple and mandir'), ('java@gmail.com', 'pune', 'Temple and mandir'), ('java@gmail.com', 'pune', 'Temple and mandir'), ('java@gmail.com', 'pune', 'Temple and mandir'), ('java@gmail.com', 'pune', 'Temple and mandir'), ('java@gmail.com', 'pune', 'Temple and mandir'), ('java@gmail.com', 'pune', 'Temple and mandir'), ('java@gmail.com', 'pune', 'Temple and mandir'), ('java@gmail.com', 'pune', 'historical places'), ('java@gmail.com', 'pune', 'Temple and mandir'), ('java@gmail.com', 'pune', 'Temple and mandir');
/*!40000 ALTER TABLE `userlog` ENABLE KEYS */;


# Dumping structure for table travel_database.user_details
CREATE TABLE IF NOT EXISTS `user_details` (
  `username` varchar(100) DEFAULT NULL,
  `lastname` varchar(100) DEFAULT NULL,
  `user_email` varchar(100) DEFAULT NULL,
  `user_mobile` varchar(200) DEFAULT NULL,
  `uname` varchar(45) DEFAULT NULL,
  `password` varchar(100) DEFAULT NULL
) ENGINE=MyISAM DEFAULT CHARSET=latin1;

# Dumping data for table travel_database.user_details: 2 rows
/*!40000 ALTER TABLE `user_details` DISABLE KEYS */;
INSERT INTO `user_details` (`username`, `lastname`, `user_email`, `user_mobile`, `uname`, `password`) VALUES ('java', 'Frontend', 'java@gmail.com', '9028780642', 'java', '123456789'), ('sql', 'dbs', 'sql@gmail.com', '9420805163', 'sql', '987654321');
/*!40000 ALTER TABLE `user_details` ENABLE KEYS */;
/*!40101 SET SQL_MODE=@OLD_SQL_MODE */;
/*!40014 SET FOREIGN_KEY_CHECKS=@OLD_FOREIGN_KEY_CHECKS */;
/*!40101 SET CHARACTER_SET_CLIENT=@OLD_CHARACTER_SET_CLIENT */;
